HIT,1,10010101010110010110010110011000,10101010101010101010101010101011,1,1
HIT,2,01010101010101010101010101010100,01101010011010101001101010101011,1,1
HIT,3,01010101010101010101010101010100,10100110101001101010100110011011,1,1
HIT,4,01010101010101010110010101011000,10101010101010101010101010101011,1,1
HIT,5,10100110011001100110011010011000,01010101010101010101010101010111,1,1
HIT,6,10100110011010101010101001100100,01010101010101010101010101010111,1,1
HIT,7,10011010011010100110100110101000,01010101010101010101010101010111,1,1
HIT,8,01010101010101010101010101010100,10011010011001100110101001100111,1,1
HIT,9,01010101010101010101010101010100,10101001101001100110011010101011,1,1
HIT,10,01010101010101010101010101010100,10100110101001101010101001100111,1,1
HIT,11,10011010011001101010100110100100,01010101010101010101010101010111,1,1
HIT,12,10101010101010101010101010101000,01100101010110010101011001011011,1,1
HIT,13,10010101010110010101010110011000,10101010101010101010101010101011,1,1
HIT,14,10101010101010101010101010101000,10010110011001100101010110011011,1,1
HIT,15,10010110010101100101010101010100,10101010101010101010101010101011,1,1
HIT,16,01010101010101010101010101010100,01100110101001101010011001101011,1,1
HIT,17,10011010101010100110100110011000,01010101010101010101010101010111,1,1
HIT,18,10011010011010101010100110011000,01010101010101010101010101010111,1,1
HIT,19,10100110011010101010101010011000,01010101010101010101010101010111,1,1
HIT,20,10010110010110011001100110011000,10101010101010101010101010101011,1,1
HIT,21,10011001100101100101100101010100,10101010101010101010101010101011,1,1
HIT,22,10100110101001101010101001100100,01010101010101010101010101010111,1,1
HIT,23,01010101010101010101010101010100,01101001101010011010011001101011,1,1
HIT,24,10011001011001100110010101010100,10101010101010101010101010101011,1,1
HIT,25,01010101010101010101010101010100,01100110101010101001101010101011,1,1
HIT,26,10010110010110010101010110011000,10101010101010101010101010101011,1,1
HIT,27,01010101010101010101010101010100,01101010011001101010101010011011,1,1
HIT,28,01010101010101010101010101010100,01100110100110011010101010101011,1,1
HIT,29,10011010101010101010011010011000,01010101010101010101010101010111,1,1
HIT,30,10101010100110101010100110101000,01010101010101010101010101010111,1,1
HIT,31,10101010101010101010101010101000,01100110010101010110011001011011,1,1
HIT,32,10101010101010101010101010101000,01010110011001100110011001010111,1,1
HIT,33,01100101010101011001010101100100,10101010101010101010101010101011,1,1
HIT,34,01010101010101010101010101010100,01101001101010101010101001100111,1,1
HIT,35,10011001011001010101100101100100,10101010101010101010101010101011,1,1
HIT,36,01010101010101010101010101010100,10100110011010101010101010011011,1,1
HIT,37,10010101011001100101010101011000,10101010101010101010101010101011,1,1
HIT,38,01100110101010011010101001100100,01010101010101010101010101010111,1,1
HIT,39,10011010100110100110011010011000,01010101010101010101010101010111,1,1
HIT,40,10010110010101100101100101011000,10101010101010101010101010101011,1,1
HIT,41,01100110010110010110010110010100,10101010101010101010101010101011,1,1
HIT,42,01101010011010101001100110011000,01010101010101010101010101010111,1,1
HIT,43,10101010101010101010101010101000,10010110010101010101011001100111,1,1
HIT,44,10101010101010011001101010101000,01010101010101010101010101010111,1,1
HIT,45,10101010101010101010101010101000,01010101100101100101100110011011,1,1
HIT,46,10101010101010101010101010101000,01011001100110010110010101010111,1,1
HIT,47,01100110010110010110011001100100,10101010101010101010101010101011,1,1
HIT,48,10010110010101010101100101011000,10101010101010101010101010101011,1,1
HIT,49,01010101010101010101010101010100,01101001101010100110011010011011,1,1
HIT,50,10101010101001101010011010011000,01010101010101010101010101010111,1,1
HIT,51,01010101010101010101010101010100,10011001100110101001100110011011,1,1
HIT,52,01100101010110011001010110010100,10101010101010101010101010101011,1,1
HIT,53,01100110100110101001101001100100,01010101010101010101010101010111,1,1
HIT,54,10100110011010011001101001100100,01010101010101010101010101010111,1,1
HIT,55,01100110101001101010100110100100,01010101010101010101010101010111,1,1
HIT,56,01100101011001010110010101011000,10101010101010101010101010101011,1,1
HIT,57,10101010101010101010101010101000,01010101100110010101010101010111,1,1
HIT,58,10101010101010101010101010101000,10010110011001010101011001010111,1,1
HIT,59,10101010101010101010101010101000,01010101100101010101010110011011,1,1
HIT,60,10011001100110101010101010101000,01010101010101010101010101010111,1,1
HIT,61,01100101100101010101100101011000,10101010101010100110101010100111,2,2
HIT,62,01011001011001011001010101100100,10011010011010101010100110101011,2,2
HIT,63,01101010011010101010100110101000,01010101100101010101010101010111,2,2
HIT,64,01010101100101011001010101011000,01101010101001101001101001101011,2,2
HIT,65,10010110010101010110010101010100,10011010101010101001101001101011,2,2
HIT,66,01011001010101010101011001011000,10101010101001101010011010101011,2,2
HIT,67,01101001101010101001101010101000,01100101100101010101010101010111,2,2
HIT,68,01010101010101010101010101010100,10011010010110101001101001101011,2,2
HIT,69,10010101010101100101011001011000,01101010101001101001101001101011,2,2
HIT,70,10100110100110101010011010011000,01011001010101010101010110010111,2,2
HIT,71,01101010101010101010011010100100,10010110010110010110010101010111,2,2
HIT,72,10101010101010101010101010101000,01011001101001010110100110011011,2,2
HIT,73,10101010100110101001101010101000,01100101010110010101011001010111,2,2
HIT,74,10011010101010101001101001101000,10010101100101100101011001011011,2,2
HIT,75,01010101010101010101010101100100,10011010011010100110101010100111,2,2
HIT,76,01011001010110010101010101011000,10011010100110101010101010101011,2,2
HIT,77,10100110100110101001101010101000,01100101011001010110010110010111,2,2
HIT,78,01100101011001011001011001010100,10101010101010101010101010011011,2,2
HIT,79,01011001010101010101100101010100,10011010100110101001101010011011,2,2
HIT,80,01101001101010011010101010101000,10010101100101100101011001011011,2,2
HIT,81,01101001101010011010101010100100,10010110010101010101010101011011,2,2
HIT,82,01010110010110010101010101010100,10011010100110101010101010100111,2,2
HIT,83,10010101011001010101011001011000,01101010100110100110100110100111,2,2
HIT,84,01010101011001011001010110010100,10100110101010100110101001101011,2,2
HIT,85,10100110101001101001101010100100,10010110010110010101100101011011,2,2
HIT,86,01100110010110011001010101100100,01101010101010101010101010100111,2,2
HIT,87,10101010011010101010101010100100,10010110010110010101010101100111,2,2
HIT,88,10100110100110101001101001101000,01011001010110010101011001010111,2,2
HIT,89,10010110010101011001010110010100,10101001101010101001101010100111,2,2
HIT,90,01100101100101100101100101010100,10101010101010101001101010101011,2,2
HIT,91,01101010101010011010011010101000,10010101100101100101011001011011,2,2
HIT,92,01010101010101010101010101011000,10100110011001101010101010100111,2,2
HIT,93,01010101010101010101010101011000,01101001101010101010011010011011,2,2
HIT,94,10101010100110100110101010101000,01010110010110010101100101011011,2,2
HIT,95,10010110010101010110010101010100,10011010100110101010101010101011,2,2
HIT,96,10011010011010101010101010011000,01100101010101100101100101011011,2,2
HIT,97,10101001101010101010101001101000,01100101011001011001010101011011,2,2
HIT,98,10010101010101100101100101010100,01101001101010101001101010100111,2,2
HIT,99,01010101010101010101010101010100,10100110010110101010100110010111,2,2
HIT,100,10101010011010011010101010100100,10010101010101011001010101011011,2,2
HIT,101,01100101010101010101100101011000,10101001101001101010101001101011,2,2
HIT,102,10101010101010100110101001100100,10010101010101010101010101010111,2,2
HIT,103,10010101010101010101010101010100,10101010011010011010101001100111,2,2
HIT,104,10011001010110100101100101101000,10101010101010101010101010101011,2,2
HIT,105,10010110010101010101010101010100,01101001101010011010101010100111,2,2
HIT,106,10010110010101011001010101011000,01101010011010011010101001101011,2,2
HIT,107,10101010100110101010100110101000,01010101010110010101100101100111,2,2
HIT,108,01101001101010101010101001101000,01011001010110010101011001011011,2,2
HIT,109,10101010011010101010100110100100,01011001011001011001010101100111,2,2
HIT,110,01101001101001101010011010011000,01100101010101010101100101010111,2,2
HIT,111,01011001011001010101100101010100,10100110101010101010011010011011,2,2
HIT,112,01101010100110100110101010011000,10010110010101010101011001011011,2,2
HIT,113,10010110010110010101100101010100,01101010011010011010011010100111,2,2
HIT,114,01101010100110101010101010011000,10010101011001011001011001010111,2,2
HIT,115,10011010101010011010011010011000,01010101010101011001011001011011,2,2
HIT,116,01101010101010100110100110101000,10010101010110010110010101011011,2,2
HIT,117,10011010101001101010100110100100,01010101010110010101010101011011,2,2
HIT,118,10010101100101100101100101011000,10100110100110101010011010101011,2,2
HIT,119,01100101010110010101100101010100,10011010011010101001101001101011,2,2
HIT,120,01101001101010100110101010011000,01011001010101011001011001011011,2,2
HIT,121,01100101010110100101010110010100,10100110101001101010011010100111,3,3
HIT,122,01011001101010011001101010100100,10100101101001010101101001011011,3,3
HIT,123,10011001100110101010100110011000,01011010010110100101100101101011,3,3
HIT,124,01101010101001101010101001101000,01100101011001011001011010010111,3,3
HIT,125,10010101010101010101010110010100,10011010010110101001101010101011,3,3
HIT,126,10010110010101100110010110100100,01101010101010011010101001101011,3,3
HIT,127,01100101101001010110011001100100,10100110101001101010100110101011,3,3
HIT,128,10101010011001100110010110011000,10100101010110100101010110101011,3,3
HIT,129,10011001100101010110010110010100,10101010101001101010011010010111,3,3
HIT,130,10101001101010011001100110101000,01011010010110100101010110100111,3,3
HIT,131,10010110010101011001010101101000,10011010011001101001101010010111,3,3
HIT,132,01011010010110100101101001011000,10101001101010011010100110011011,3,3
HIT,133,01011010100110100110100110101000,01100110010101011001010101011011,3,3
HIT,134,10010101100101010101100101100100,01011010101010101010100110011011,3,3
HIT,135,10100110011001101001101010011000,01011001011001011001010101010111,3,3
HIT,136,01100110010110010110010110010100,10101010101010100110101010100111,3,3
HIT,137,01011010010110100101011001010100,10101001100110101010011001101011,3,3
HIT,138,01010101010101011001100101011000,01011010010110101010010110100111,3,3
HIT,139,10010101100101011001011010010100,10011001101010101001101010101011,3,3
HIT,140,01011001010101010101100101100100,10100110011010101010100110100111,3,3
HIT,141,01010110011001010101010101011000,10011010100110100101101010010111,3,3
HIT,142,10010110101010101001100101101000,10010101100110100101011001101011,3,3
HIT,143,10100110100110100110101001101000,01100101010110011001011001011011,3,3
HIT,144,10010110011001100110011001011000,01011010101001101010011010011011,3,3
HIT,145,01100110101010011010100110011000,10010110010110010110010110010111,3,3
HIT,146,10100101010101010101011001011000,10011010100110100110100110011011,3,3
HIT,147,01011010101010101010100110100100,10010110011001010110010101010111,3,3
HIT,148,10011001011001011001011001011000,10101010101010101010100101010111,3,3
HIT,149,10100101010101010110100101101000,10011010101010101010101010100111,3,3
HIT,150,01101001101010100110100110101000,10011001100110011001100110011011,3,3
HIT,151,10101001010101101010011010011000,01011001011001011001100101100111,3,3
HIT,152,10010110010101010101010101100100,10100110101001100110101010011011,3,3
HIT,153,01010101101001010110100101011000,10100110101010101010100110101011,3,3
HIT,154,01011001100101100101100110011000,10101001010101101001010110101011,3,3
HIT,155,01101010010101010110101010100100,10011001100101100101100101100111,3,3
HIT,156,10011001100110101001101010011000,10010110010101100101010110010111,3,3
HIT,157,01011010101010010110010101010100,10011001101001100110100110011011,3,3
HIT,158,10101001101010100101010101101000,01100110010110011001100110011011,3,3
HIT,159,10100101101010011010101010010100,01011001010101010101100101011011,3,3
HIT,160,01011001010101010101010101011000,10101010100110011001101010011011,3,3
HIT,161,10010101100101010101010101101000,10011010101001101010011010101011,3,3
HIT,162,10101010101001010101101010010100,01100110100110010110011001101011,3,3
HIT,163,10011001101001100101010101011000,01101010101001011010101001011011,3,3
HIT,164,10100110101010011010100101101000,01010101100101010101010101010111,3,3
HIT,165,01010101100101010110010101101000,10101010011010011010101010101011,3,3
HIT,166,01011010010110010101100101100100,10011010101010100110101001100111,3,3
HIT,167,01100110100110011001101001101000,10101010101010100101010101101011,3,3
HIT,168,10100101101001010101100101010100,01100110101010101010011001100111,3,3
HIT,169,01101001100110100110100110011000,01010101010101010110010101101011,3,3
HIT,170,01010110011001010101100101010100,01101010011010011010101010011011,3,3
HIT,171,01011001100101100110011001101000,10010101011010010101101010010111,3,3
HIT,172,10101010101001101010101010100100,01010110010101101001011001011011,3,3
HIT,173,10010101100101011001011001011000,01011010100110011001100110011011,3,3
HIT,174,01101001010101101010101010011000,01100101100110011001011001100111,3,3
HIT,175,01101010100101101001100110011000,01100101011001010101010101011011,3,3
HIT,176,10010110100101010110010110010100,10100110011010100110101001101011,3,3
HIT,177,01010110010101010110010101100100,01011010011010101001101001011011,3,3
HIT,178,10100110101010101001100110101000,01101001010101010101101001011011,3,3
HIT,179,10011001010110010101011001011000,01011010100110100110101010011011,3,3
HIT,180,10100110101001101010011010100100,01100101010101100101010110100111,3,3
HIT,181,01100110010110101010010110011000,01101001010101100101011001010111,4,4
HIT,182,01100101011010011010101001011000,10010110101001100101100101100111,4,4
HIT,183,01011010011001100101011010100100,01010101100110101010010101010111,4,4
HIT,184,10010101010110011001100110101000,10010110100101011010100110010111,4,4
HIT,185,10101001010110100110101001101000,10011001100101010101100101010111,4,4
HIT,186,10011001011010010101010110101000,10011001100110011001100110100111,4,4
HIT,187,01101010100101010101010110101000,10100110010101100101100110010111,4,4
HIT,188,10101010101001101001010101100100,01101001100101100101100110011011,4,4
HIT,189,01011001100101100110010101100100,01100110100110100101101001100111,4,4
HIT,190,10011010010101010101010110010100,01011001100101011010101010101011,4,4
HIT,191,10011001010101010101011010011000,10100101011001011010101010100111,4,4
HIT,192,01100110101010011001101010010100,01010101011001011010010110011011,4,4
HIT,193,01010110100101101001011001010100,01100110101001101001100110100111,4,4
HIT,194,10010110011001100101010101010100,01011010010101101001010110101011,4,4
HIT,195,01011001010101100101010101010100,10100110101001100101101010100111,4,4
HIT,196,01101001101010100101011001101000,10011001100101101001011001011011,4,4
HIT,197,01101001100110101010100110101000,01011001010101010101101010010111,4,4
HIT,198,01100101100101010110010101011000,01011001100110100110101010010111,4,4
HIT,199,01011010101010100110100110010100,10011001101010010101101001011011,4,4
HIT,200,10101010101001100110011001011000,01011001010101101001010101101011,4,4
HIT,201,10100110011001010110010101100100,10100110100110100101101010011011,4,4
HIT,202,10101001011010100110010110100100,10010101010101100110011010010111,4,4
HIT,203,10011010010101010101100110101000,10101001011010011001100101100111,4,4
HIT,204,01101001101010011001100101100100,10101010100101011001101001010111,4,4
HIT,205,10011001100101011010010101011000,10101001011010101010010110010111,4,4
HIT,206,10010101010101011010101001011000,10011001010110010110010110010111,4,4
HIT,207,01011010100101101010101001011000,10011001100110100101010101100111,4,4
HIT,208,10011001100101010101101001100100,10101001101010011010101001011011,4,4
HIT,209,10101010101010011001010101011000,01010110100110100101101001010111,4,4
HIT,210,01101010101010101001101010011000,10100101100101100101100110100111,4,4
HIT,211,10010110011001100101100101101000,10010101101001010101011010101011,4,4
HIT,212,01101010100110011001010101010100,01011010011010011010011010100111,4,4
HIT,213,10100110011010100101100101100100,01010101011010010101010101011011,4,4
HIT,214,01101010011010101010101001100100,10010101011001101001010101100111,4,4
HIT,215,01011001100110011001101001010100,10100101101001100101100101011011,4,4
HIT,216,10011001100101100110010110010100,10011010100110100101101010010111,4,4
HIT,217,01100110101001010110101001011000,01101010101010011001100101100111,4,4
HIT,218,10011001101010100101010101100100,10010110011001010110100101100111,4,4
HIT,219,01010101010101010101101001101000,10101010010110101010100101100111,4,4
HIT,220,01100101101010101010010101011000,10011010100110100110011010100111,4,4
HIT,221,10011001010110010110011001100100,10101010010110100101010101011011,4,4
HIT,222,10010101011010011001011001101000,10100101101010011010101010101011,4,4
HIT,223,01101010101010100110101001101000,10010110010101011001011001101011,4,4
HIT,224,01010101100110101001100110100100,01100110010110010110101010010111,4,4
HIT,225,01100101100101100110100110100100,01010101011010100101010101100111,4,4
HIT,226,01100101100101100101011001011000,10101001010101101010011001101011,4,4
HIT,227,01100110101010010110010110010100,10100101011010010101011010010111,4,4
HIT,228,01100101011001101001010110010100,01011010101001101010011010100111,4,4
HIT,229,01011010101010100101011001101000,01010101010101011010011001100111,4,4
HIT,230,01010110011010011010010110011000,10010101101010011001010101011011,4,4
HIT,231,10011010010101010110101010101000,01101001100110101001100110010111,4,4
HIT,232,01010110010110010110100101010100,01010101101010101010101001100111,4,4
HIT,233,01100110101001011010101010100100,01101001101001010110010101010111,4,4
HIT,234,01101010011001100110100110100100,10101010101010100101100101100111,4,4
HIT,235,10101010010101010110011010010100,01011010011001100101011010101011,4,4
HIT,236,01101010101001011010101001100100,01010101100101100101010101010111,4,4
HIT,237,10010110101010010110010110100100,10100110010101010110011001100111,4,4
HIT,238,01011001101001010101010110101000,01101010101010101010101010010111,4,4
HIT,239,10011001101010101001100110100100,10010101101001010110010101101011,4,4
HIT,240,01010101101010101010100101011000,10011001101010011010100110011011,4,4
HIT,241,01100110011001100101100101100100,10011001101001010110010101011011,5,5
HIT,242,10011001010110011010100110100100,01011001010101101001010101101011,5,5
HIT,243,10010110011010101010100110100100,10010110010110100101101001010111,5,5
HIT,244,10011010100110100101011001010100,10100101010101011010101001010111,5,5
HIT,245,01011001010101011010011001010100,01011010010110011001011001100111,5,5
HIT,246,01100110011001100110101010010100,10101001011010010110011010010111,5,5
HIT,247,10101010101001101010101010010100,10101001100110010110011001101011,5,5
HIT,248,10100101011010011001010101100100,10100110100110101001011001010111,5,5
HIT,249,10101010101010011001010101010100,01101010010110011001100101100111,5,5
HIT,250,01100101100110100110100110011000,10010101101010011010100110010111,5,5
HIT,251,01101010100101010101100110010100,01011010100110010110100110101011,5,5
HIT,252,01100101010101101001101001010100,01010110011001101001100110011011,5,5
HIT,253,10010101011010101010100101011000,01011010100110100110100110010111,5,5
HIT,254,01100110010101011010101010010100,01100110100110011010100101100111,5,5
HIT,255,01101010010101010110100110010100,10100110101001101001011010010111,5,5
HIT,256,01010110010101101001010110010100,01010101100110101001010101100111,5,5
HIT,257,10010110010110010101010110010100,01010110011001010110101001100111,5,5
HIT,258,10011001011010011001101010101000,10010101100101011010010110101011,5,5
HIT,259,01101010010110011010011001010100,10101001010101101010101010101011,5,5
HIT,260,10010110010110011010011001100100,01100101101001010110010101100111,5,5
HIT,261,10010110011010011001101010011000,01011001011010010110010101010111,5,5
HIT,262,10100110101010101001011001101000,01101001101001100101010101010111,5,5
HIT,263,10010101101001010101101001100100,01101001101010100101101010010111,5,5
HIT,264,10100101101010010101101001010100,10101001100101011001101010101011,5,5
HIT,265,01100110101010010110010101011000,01100110010101100101101001010111,5,5
HIT,266,10010110101001100110101010011000,10010101101001100101101001011011,5,5
HIT,267,01101001011010100101101001010100,10011010100110010110010110010111,5,5
HIT,268,10100101011001101001101010101000,01010101101001100101100101011011,5,5
HIT,269,01011001010101011010101010101000,10010110101001011001101010100111,5,5
HIT,270,10011010101010010110100101100100,10101001100101101010011010100111,5,5
HIT,271,10100110011010011010010110101000,10101010101001101010101001011011,5,5
HIT,272,10100110100110101001101001010100,10010110011001101010101010101011,5,5
HIT,273,10100110100101100101010110010100,10010101101010011001010110101011,5,5
HIT,274,01011010011001010110101001011000,01011001010101011001101001011011,5,5
HIT,275,01011001100101100101010101101000,10010101100101101010101001011011,5,5
HIT,276,10011010010101010110100101100100,01101010100101101010101010010111,5,5
HIT,277,10101010011001011010101001100100,01100110101010100101101001011011,5,5
HIT,278,01011010101010010110011010011000,10100110100101011010011001011011,5,5
HIT,279,01101010100101011010101010011000,01010101010101011010011010010111,5,5
HIT,280,10101010101010100110100110100100,10101001100101100101101010101011,5,5
HIT,281,01100110010101010101100110011000,01100110101001010101101001101011,5,5
HIT,282,01101010011001100110100101101000,01010110010101010110100101010111,5,5
HIT,283,10011001100110101001011001101000,10011010011010010101100110010111,5,5
HIT,284,01100110100101101001010110101000,10101010101010011010011001011011,5,5
HIT,285,10011001101001010101101010100100,01010101010110010101101001011011,5,5
HIT,286,01100101011001100110010110010100,01011010011010101001100110100111,5,5
HIT,287,10101010011010010101011001011000,10011001100101100110010101010111,5,5
HIT,288,01011001101001011001100110011000,01010110100110101010100110011011,5,5
HIT,289,10100110010101010101011001100100,10011001011010010101101010101011,5,5
HIT,290,01101010010110011010011010101000,01101010100110010101101001010111,5,5
HIT,291,10100110010101101001011001011000,01011010100101101010100110100111,5,5
HIT,292,10101010010110010110101010010100,10100110101010101010100110010111,5,5
HIT,293,10101010101010101010100101100100,01101010100110100101011010100111,5,5
HIT,294,01011010011001101001011010100100,01101010010110010101011010101011,5,5
HIT,295,10101001101001100101100101101000,10010101011010101001100110011011,5,5
HIT,296,01101001101001100110010101011000,10100101010101011010101001010111,5,5
HIT,297,01101001010101100110011010100100,10010101100101010101101010100111,5,5
HIT,298,01011010011001101001010110010100,10101010101010101001011001011011,5,5
HIT,299,01010110010110101010101001100100,10010101100110011001010101100111,5,5
HIT,300,10010110010101100101010110101000,01101010101010011010011001010111,5,5
HIT,301,01010101010101101001011001010100,01100101011010011001010101101011,6,6
HIT,302,10100101101001101010101010011000,01100101101001010110011001100111,6,6
HIT,303,01010101100110011001101001010100,10101001100110101010100101101011,6,6
HIT,304,10011010100101010110010101100100,01100101100101010101011010010111,6,6
HIT,305,10010101010110101010100110011000,10011010011010011001011010101011,6,6
HIT,306,10101010011001011010011001101000,10011001101001101001011010100111,6,6
HIT,307,01101010011010101001101001100100,01011010011010100101010110101011,6,6
HIT,308,10011001100110010110011010010100,10010101011010011010010110011011,6,6
HIT,309,01011001010101011010101001010100,10011010100110010101101010011011,6,6
HIT,310,10100110011010100101010110101000,10010110011010010110011010101011,6,6
HIT,311,01011001101001010101011001100100,10100101100101011010011010010111,6,6
HIT,312,10010110011001011010100101101000,10010101101010011010011001101011,6,6
HIT,313,10100101101010010101101010011000,10010110101010010110100101010111,6,6
HIT,314,01101010100110011001100101100100,10100101101010010101100110010111,6,6
HIT,315,01101001010110101001101001100100,01101001100101011001011010100111,6,6
HIT,316,10101010010110101010011010010100,10100110010101100110101010010111,6,6
HIT,317,01010101011001100101100101010100,01100101101001100101101001010111,6,6
HIT,318,01101010101010100101100110101000,10011010100110100110101010100111,6,6
HIT,319,10011001010101100110010110010100,01101010011001011010101010100111,6,6
HIT,320,01100110010110101001011001011000,10100110101001010110101010010111,6,6
HIT,321,10011001010110100110100101101000,10101001010110101010101010010111,6,6
HIT,322,10011010010101101001011010100100,10100101101001100110101010010111,6,6
HIT,323,01010110100101010110100110010100,10101001100101010101010110101011,6,6
HIT,324,10011001101001101001100101010100,10101001011001101001011001100111,6,6
HIT,325,10101001101010010110100110010100,01101001100110010110101010010111,6,6
HIT,326,01010110011010100101010110011000,10011010100110100110101001101011,6,6
HIT,327,10101010101001101001101001101000,10100101100101101010011010100111,6,6
HIT,328,01100110011001011010011010100100,01101010100101011010011001011011,6,6
HIT,329,10010110011010011010101001010100,01011001100110100101101010101011,6,6
HIT,330,01101010011001011001100110100100,01010110011010011010101010100111,6,6
HIT,331,10101010100110101001011010010100,10101010010110010101100110100111,6,6
HIT,332,01010101101001100110101001100100,10011010100101101010100110100111,6,6
HIT,333,01011010101001101010100101010100,10101010100110010101100110011011,6,6
HIT,334,10100101101001010101011001010100,10011010010110101001011010100111,6,6
HIT,335,01101010010101011010010110011000,10011001011010010101101001101011,6,6
HIT,336,01100101011010011010011001101000,01010110011001101001011010010111,6,6
HIT,337,10101010010101101010101001011000,01011010100101100101101001101011,6,6
HIT,338,10010101101010101001010101010100,01010101010110101001100110101011,6,6
HIT,339,01101001010101100110011010010100,01011001101010100110100101011011,6,6
HIT,340,01011001011001010101011001101000,10101001011010010110010110101011,6,6
MISS,341,10100101100101101001010110011000,01101001101001011010011010100111,6,5
HIT,342,01011010101010011001100110101000,01010101010110010101101010100111,6,6
HIT,343,10011001010101011001101010011000,10100110101010010101010101010111,6,6
HIT,344,10100101100101100101100101010100,10011001100101010110101010101011,6,6
HIT,345,01100110100110010101011001010100,01010101101010011010011010101011,6,6
HIT,346,01010101101001011010101010010100,10100101101001100110010101100111,6,6
HIT,347,01101010010101010101011010011000,10010110010101101001010101101011,6,6
HIT,348,01101001101010010101010110011000,01011001011001100110100110100111,6,6
HIT,349,10011010101010011001100101011000,10010110010110101010011010100111,6,6
HIT,350,10011001010110011001100101100100,10011010011001011010100110100111,6,6
HIT,351,01011010100110011010100101101000,10100101010101101010100110010111,6,6
HIT,352,10101001100101011010101001101000,10011010100110011001101001010111,6,6
HIT,353,01101010011010010101100110011000,10101010011001101010011001010111,6,6
HIT,354,10101010010110010101100110010100,01011010100110100110011001011011,6,6
HIT,355,01010101010110100101010110101000,01101001010110101010010110100111,6,6
HIT,356,10010110100110011001101010100100,01011010011010100110011010010111,6,6
HIT,357,01100110100110010101010110011000,01010110011001101010101001101011,6,6
HIT,358,01101001011001011010010101100100,10100110101010101001011001100111,6,6
HIT,359,01101010101010100101100101101000,01010101101010101001101010101011,6,6
HIT,360,01101010011010101001100110011000,01100101100110011001011010101011,6,6
HIT,361,01010110101001100110101010011000,10011001101010010101100101100111,7,7
HIT,362,01101001101001011001010110100100,10100110010101101010011001100111,7,7
HIT,363,10100101010110011010101010100100,10100101010110100101010101100111,7,7
HIT,364,01100101100101101001100110100100,01101010100110010110100101011011,7,7
HIT,365,10010101010101101010011010010100,10011010100101101010011001010111,7,7
HIT,366,10011010100110101010011010100100,01010101100110100110101001011011,7,7
HIT,367,10010101101001101010100101010100,01100110100110101001011001011011,7,7
HIT,368,01100110100110011010100110101000,01010101100110100110101010011011,7,7
HIT,369,10100101010101010101010101101000,01101001101001011010010101010111,7,7
HIT,370,01101010010101011001010110011000,10010101011010101001010101011011,7,7
HIT,371,01101010011010011001101010100100,01100101101001010110101001101011,7,7
HIT,372,01010101010110100101011010101000,10100101101010101001010110100111,7,7
HIT,373,10010110101001101001011001101000,01101010010101100101100110101011,7,7
HIT,374,10011001101001101001101010100100,10011010101001100110010101010111,7,7
HIT,375,01100110101001101010011001010100,10010101011010011010100101011011,7,7
HIT,376,01100110101010011010100101011000,10011010101001010101010110100111,7,7
HIT,377,01010101101001101001011010101000,01101010100110100101010101010111,7,7
HIT,378,01100101101010010110100110101000,01011010100101010101010101011011,7,7
HIT,379,10011010010110100101100110011000,01101010010110101001011001101011,7,7
HIT,380,10101001101010101010011001010100,10010110101010011010100110011011,7,7
HIT,381,10101010101010101010010101101000,01100110101010101001101001011011,7,7
HIT,382,10011010011010100101011010100100,10101001010110011010100101101011,7,7
HIT,383,01011001101010100110011001101000,10010101011001011010011001100111,7,7
HIT,384,01010110010110011010100110100100,10101010011010100110010101100111,7,7
HIT,385,01010101101010011001100110011000,10010101011010011001100101100111,7,7
HIT,386,01100110100110010110101010101000,01011010100101100110011010011011,7,7
HIT,387,10101001100101101001010101010100,10100101010110010110100110011011,7,7
HIT,388,10100110010101101001011001011000,01010101011010010101100110101011,7,7
HIT,389,10010110100101101010011010100100,10100110100110100110101001011011,7,7
HIT,390,01011001101001011010011001100100,10101001010101101010011001100111,7,7
HIT,391,10010101011010100101101001010100,01011010010101101001010110011011,7,7
HIT,392,01101001010110100110011010100100,01101010100110100101011001101011,7,7
HIT,393,10100110101001010110011001011000,01101001010101010110011001101011,7,7
HIT,394,10010110101010010110101010100100,10100101011001010110101010101011,7,7
HIT,395,10101010010110101001101010010100,01011010011010101001011001100111,7,7
HIT,396,10100110010101101010011001101000,01011010011010100110010101011011,7,7
HIT,397,01011001101010010110011001011000,10100101101001010101100110010111,7,7
HIT,398,10011001101010011010010101101000,01010110011010100101100101101011,7,7
HIT,399,01011001101001010110101001100100,10011010010110101001101001100111,7,7
HIT,400,01101001100101101010011001011000,10011001101010011001100101011011,7,7
HIT,401,01010101100101100101101010100100,10100101011010101001100110100111,7,7
HIT,402,01011010010101011001010110011000,01010110010101010110101010010111,7,7
HIT,403,10100101100101010110011010010100,01010101100110010110011001011011,7,7
HIT,404,01010110011010010101100110010100,10011001100110100101100101010111,7,7
HIT,405,01011010100110010110011001011000,10010101101010011010010110101011,7,7
HIT,406,10010101010101100110101010010100,01010110011010010110011010010111,7,7
HIT,407,10010101011001010110100110011000,10101010101010010110010101100111,7,7
HIT,408,10101001101001011001011010101000,01011001010110101001101001100111,7,7
HIT,409,01101010100110101001011001101000,10101010011010011001011010100111,7,7
HIT,410,01100110101001100101100110011000,01010101101001100110011010100111,7,7
HIT,411,01011001101010101010101001100100,01100101010101010101100110101011,7,7
HIT,412,01011010011001011001101010100100,01101001010110101010011001011011,7,7
HIT,413,01101010101001010110011001100100,01011010101010011001011010011011,7,7
HIT,414,01100110100101011010010110100100,10101001100110100101100110101011,7,7
HIT,415,10010101100110011010010101010100,10101001010110011010011010011011,7,7
HIT,416,10010110010101010110101001010100,01100101101001011010100101100111,7,7
HIT,417,01100101100110100110101001011000,01011010101010010110100110101011,7,7
HIT,418,10010101011010011001011010100100,10010110100110011001010101010111,7,7
HIT,419,01101010010110100101101001101000,01010110100101100110101001011011,7,7
HIT,420,10011010101001101001100101011000,10011010011001101010011001011011,7,7
HIT,421,10010110100110101001100101010100,10010110100110010101011001100111,8,8
HIT,422,10101010011010101010100101010100,10011010011001101010101001010111,8,8
HIT,423,01011010101001011010011010101000,10101001101010010110100101101011,8,8
HIT,424,10101010100101100110101001011000,01011001010110010110011010101011,8,8
HIT,425,10010110101001101001101001010100,10011010101010011010010101010111,8,8
HIT,426,10010101011001101010010101010100,01100101100101100101010110011011,8,8
HIT,427,10101001011010101010101001101000,10011010101010100110010110010111,8,8
HIT,428,10100101101001100110011001010100,10011001100110100101101001101011,8,8
HIT,429,10100110011001100110100110011000,01100110100110010110010110101011,8,8
HIT,430,10011010010110010101011001011000,10101010010110010101100101010111,8,8
HIT,431,10010110100110010101010110100100,01101010011001010101100101011011,8,8
HIT,432,01100110100101010101101010100100,10010101101010100101100110101011,8,8
HIT,433,10100101101001010101010101010100,01010110101001010101010110011011,8,8
HIT,434,10101001011001010110101010100100,10101001101001011001010101011011,8,8
HIT,435,10100110101010011001010101010100,01100101010101011001100101011011,8,8
HIT,436,01100110100110100110101001011000,10100101011010101001101010010111,8,8
HIT,437,10011010011001100110011010100100,01010110011001101010101010011011,8,8
HIT,438,10011010011001100110010110100100,10100110100110100110011010100111,8,8
HIT,439,01011010010110100101100110011000,10101010011010010110100110101011,8,8
HIT,440,01010101101010100101100110101000,01100101101001011001101001010111,8,8
HIT,441,01011001100101010101101010101000,10101010100110011001100101010111,8,8
HIT,442,10101010100110101010011010010100,10101010101010101001101001101011,8,8
HIT,443,10011001101010011010010101101000,10011010011010010101010101011011,8,8
HIT,444,01100110100101101001100110101000,01011001100110100101100101101011,8,8
HIT,445,01101001101010011010100101010100,10011001101010011010010101101011,8,8
HIT,446,10101001010101010110101001101000,10100101010101010110100110010111,8,8
HIT,447,10010110010101011010101001100100,01011001011001101010100110010111,8,8
HIT,448,01010110010101010110010101100100,01101010011001011001010110011011,8,8
HIT,449,01011010101001011001011010100100,01100101101010010101011001101011,8,8
HIT,450,10100110101010011001010110100100,10010101101001100101011001011011,8,8
HIT,451,10011001010110010110101010101000,10100101011010101010100110010111,8,8
HIT,452,01011010101001010101100101101000,01101010010101010110010110011011,8,8
HIT,453,01010101100101100110100110100100,10101001101001101001011010011011,8,8
HIT,454,10010101100110011010101001010100,10011001101010101010100101011011,8,8
HIT,455,10101010100101100110011001100100,01011001100110010101101010101011,8,8
HIT,456,10100110100110011001010110100100,10011001010110101010100101101011,8,8
HIT,457,10100101101001011001100101100100,10100101011010010110100101010111,8,8
HIT,458,01100101010110101010010110100100,10101001010101011010101010011011,8,8
HIT,459,01101001011010010101010110101000,01011010101001101001011010011011,8,8
HIT,460,10010110011010010101011001011000,10011010011001011010010101011011,8,8
HIT,461,01100101010101101001011001100100,10011010101001011001100101011011,8,8
HIT,462,01011010010101011001100101010100,01010110100110011010010101011011,8,8
HIT,463,10011010010110010101100101011000,10100110011010100110100101100111,8,8
HIT,464,10011010011001101001101010101000,01101001101010100101010110011011,8,8
HIT,465,10011001100110101001100110010100,01011010011001100101010110101011,8,8
HIT,466,10011001100101101010011001100100,01100110011001100101100110011011,8,8
HIT,467,10100101010101101010101001101000,10011001010101011010011010100111,8,8
HIT,468,10010110010110100110010110010100,01101010101001011001011010101011,8,8
HIT,469,01101001011001101001100110011000,10100110011001100101101010101011,8,8
HIT,470,01011010101010010101010101011000,01100101101010101001100101100111,8,8
HIT,471,10010110011010100110010101100100,01100110010110011001101010011011,8,8
HIT,472,10100101010110101001010101100100,10100101010110010101100101101011,8,8
HIT,473,01011010101001101001010110010100,01010101010110101010011001010111,8,8
HIT,474,01101001010101011010011010101000,10010101010110101001100101101011,8,8
HIT,475,10011001010101011010101001101000,01101010011010101001101001011011,8,8
HIT,476,01010110011001100101011010100100,01100101011010101010011001011011,8,8
HIT,477,10100101101010100101101010011000,01101010101010101001011010010111,8,8
HIT,478,10101010010110100110101010011000,10101010010110101001100110011011,8,8
HIT,479,01011001011001100101101010010100,10100101101010011001100101101011,8,8
HIT,480,01100101010101010110101001010100,01100101010110101001101001010111,8,8
HIT,481,10101010010101011010101010010100,10101001011010101010010110010111,9,9
HIT,482,10101001011010100110011010101000,10101010011010101001100110101011,9,9
HIT,483,10100101011001101001101001101000,01101010010110100110100110101011,9,9
HIT,484,10010110100110011001010101010100,10010110011010011001100101101011,9,9
HIT,485,10010110101010011001101001011000,10011010101001100110010101010111,9,9
HIT,486,10101001010101011010101010101000,01101001010110101010101001101011,9,9
HIT,487,01100101011001101010011010101000,01101010011010101001010101011011,9,9
HIT,488,10010110010101100110101001011000,01011010011001011001010110010111,9,9
HIT,489,01010110010110011010100101101000,10100101010110011010100101011011,9,9
HIT,490,10010101101010011010100101100100,01101010011010100110100101010111,9,9
HIT,491,10100110100110101001101001101000,01100101010101101001101010011011,9,9
HIT,492,10101010010101100101100101100100,01011010101001011001011001011011,9,9
HIT,493,10011001100110011010010101010100,10101001010101100110100101010111,9,9
HIT,494,10010110101001011001010101100100,01011010100110010110101001011011,9,9
HIT,495,01101010010110100101010101011000,10010110101001011010011010101011,9,9
HIT,496,10010101100110101001011001010100,10101010100101100101011010010111,9,9
HIT,497,10101010010110100110101001100100,01101010011010100110011001101011,9,9
HIT,498,01100110101010010110010110011000,10101001100110101010010101100111,9,9
HIT,499,01101010101001100101101010010100,01100110101010011001011001011011,9,9
HIT,500,01101010101010010110100101010100,10101010010110100110011010101011,9,9
HIT,501,10101010011001100110100110010100,10101010100110100110011001101011,9,9
HIT,502,01011001010110011010010101011000,10010101100110100110010110011011,9,9
HIT,503,10011001101010010110010110101000,10101001010101101010010110010111,9,9
HIT,504,01010101011010100101010110100100,10010110010101010101101010011011,9,9
HIT,505,01101001101010101010010110100100,10101001011010101010101001011011,9,9
HIT,506,10100101011010010110100101101000,10011010010110100101010101100111,9,9
HIT,507,01010110010110011001100101100100,10100110100110010110011001101011,9,9
HIT,508,01011001101001101001100101101000,01010101101001100101101001101011,9,9
HIT,509,01100110011001011010011001101000,01011010011001101001010110011011,9,9
HIT,510,01100110010101101010011010101000,01011010100110101001101010101011,9,9
HIT,511,01100101010101010110010110101000,01100110100101011001011010101011,9,9
HIT,512,01011001100101011001010110010100,01100110100110010101100101100111,9,9
HIT,513,01101001101001010101100110010100,10101001101001010101010110101011,9,9
HIT,514,10011010010110100101100101010100,10010101101001011001011010101011,9,9
HIT,515,01101010010101100101011010101000,01011010011001010110101010101011,9,9
HIT,516,01101001100110100110100101101000,10100110100110100101010110010111,9,9
HIT,517,10100110100101011010100101101000,10100101011010100110010110010111,9,9
HIT,518,01100101100101010101010110010100,10011001010101100101100101010111,9,9
HIT,519,01010101010110011010101010100100,01101010011010101010100101010111,9,9
HIT,520,01010101010110011001100101100100,01011001100110010101011010101011,9,9
HIT,521,10101010010101011010010101010100,10101010101001010101100110011011,9,9
HIT,522,10100110100110101001011010010100,10101010100101101001101010010111,9,9
HIT,523,01010110101001100110101010011000,01011001010101010110101001100111,9,9
HIT,524,10101010011001101001011001100100,01100110100101100101100110101011,9,9
HIT,525,01101010101010011001011001101000,10101010100110010101101001100111,9,9
HIT,526,10010110100110101010010110011000,01100110101010010110101010101011,9,9
HIT,527,01101001010101010101010110011000,10010110100101010101011010011011,9,9
HIT,528,01100101100101101010101001010100,01100110010110010110100110010111,9,9
HIT,529,10011010101001101010101001011000,01100110101010100101010110011011,9,9
HIT,530,10011001101010010110101001010100,10011010010101101010010110101011,9,9
HIT,531,10101010010110101010100101101000,01010101100110101010100101100111,9,9
HIT,532,10010110100101100101101001101000,01100101011010010110010101100111,9,9
HIT,533,01101010100101011001011010011000,10101001011010101001010110101011,9,9
HIT,534,01010110011010101010101010100100,10011010101010101001100101101011,9,9
HIT,535,10010101010101101001010110101000,01010101010101010110100110101011,9,9
HIT,536,01010101011001011010010110011000,10010101010110010110011010011011,9,9
HIT,537,01011010100110011001010110010100,10100101010101101010011001101011,9,9
HIT,538,01101001010101100101011001011000,01101010010101010101100101011011,9,9
HIT,539,10101010100110010110010101101000,01101010010110010101101010010111,9,9
HIT,540,10010110100101100110011010010100,01011010100101100110011001100111,9,9
HIT,541,10011001010110010110101001101000,01100101100101011001011010011011,10,10
HIT,542,10101010101010010101101001101000,10011001011010010101101001101011,10,10
HIT,543,01101001010101101010101010010100,10011001011001010101101010101011,10,10
HIT,544,10101001100110100110101001011000,01011001100110011010011010101011,10,10
HIT,545,10010101101001011010010101011000,10100101101001011010010110101011,10,10
HIT,546,01101010100110101001100101100100,01101010011001011001010110100111,10,10
HIT,547,01010110100101010110100101101000,10100101010101101001011010100111,10,10
HIT,548,01100101100101011001101001101000,10011001100101100101011001011011,10,10
HIT,549,10101010100101010101101001011000,01010101010110100101101010100111,10,10
HIT,550,01011001101001011010101010010100,10100101101010101001100101101011,10,10
HIT,551,10011010011001101010011010101000,10011010011001101010101001011011,10,10
HIT,552,10100101010101010110101010011000,01010101010110101010100101101011,10,10
HIT,553,01100101010101100110010110010100,01011001010101011001101010011011,10,10
HIT,554,01100110011001011010010110011000,10011001011010010110100110100111,10,10
HIT,555,01010101100101101010101001100100,01010110010110101010010101100111,10,10
HIT,556,10101001010110100101101001100100,01101001010101011010010110100111,10,10
HIT,557,10100110101001010110101010011000,10101010100101011010101010101011,10,10
HIT,558,01011001101001010110101010100100,01011010101001101001010110101011,10,10
HIT,559,01101010011001100110010101101000,10100101010110011001100101011011,10,10
HIT,560,01011010011010010110010110101000,10100110100101100101011010011011,10,10
HIT,561,10100101010110100101011001011000,01011010010101100101010110101011,10,10
HIT,562,10101010100110010110010110011000,10101010100110010110100110011011,10,10
HIT,563,10010110010101010110011001100100,10010101011001010101011001011011,10,10
HIT,564,01100110010101011010100101101000,01010110101001011010101010101011,10,10
HIT,565,10010110010110101001100101101000,01010110010110101001101010100111,10,10
HIT,566,01011010100110011010100101011000,01011010011001101010010110010111,10,10
HIT,567,01010101011010011010011010100100,10100110100110101001011010010111,10,10
HIT,568,01011010100110010110011010010100,01011001100101100110100110100111,10,10
HIT,569,01010110101001101010101001011000,10011001010110101001101010010111,10,10
HIT,570,01100101101010010110101001100100,10011001011010010110101001100111,10,10
HIT,571,01100101100101101001010101011000,01011001011001011010011001101011,10,10
HIT,572,01011001011001100110011010011000,10100101100110010110011001100111,10,10
HIT,573,01010110011010010101010110011000,01100101011010010101010110010111,10,10
HIT,574,10101010011010101010010101101000,01100101011010100110101010100111,10,10
HIT,575,10010101101001100110010101010100,10010101101001100110101010101011,10,10
HIT,576,10100101011001101001011001010100,01100110100110100101100101011011,10,10
HIT,577,01011010010110011010100110011000,01100110011010100110011010010111,10,10
HIT,578,10100101101010010101010101010100,01101001101001010101010101010111,10,10
HIT,579,01101010011001010110100101011000,10101010010110101001100101011011,10,10
HIT,580,01100110100101011010011010100100,01101010010101101001101001010111,10,10
HIT,581,10100101100110011001101001010100,10010110011001101001010101100111,10,10
HIT,582,01101001101010101010010110011000,10101001101010011010101010100111,10,10
HIT,583,10100101010110010101101001100100,01100101011010010101011001010111,10,10
HIT,584,10101010011001010101100101100100,10101010101010011001010101011011,10,10
HIT,585,01101010010110011010011001101000,10010110011010011001011001101011,10,10
HIT,586,10010101011010010101101010101000,10010101100101101001010110101011,10,10
HIT,587,10100110010110011010101001101000,01100110101010011010100110100111,10,10
HIT,588,01100110101001101010010110100100,01100101100110101001101010100111,10,10
HIT,589,10101010010101101010011001100100,01011010100110011001011001010111,10,10
HIT,590,10101010100101100110011010011000,10101010100101100110101001100111,10,10
HIT,591,01011010100110011010011001100100,10011001101010100110011010011011,10,10
HIT,592,01100110100110101001101001011000,01010110011010100110100101010111,10,10
HIT,593,01011010011001010110100110011000,01100101011010011001011010010111,10,10
HIT,594,10100110010110010101010101101000,01010110010110010110010101010111,10,10
HIT,595,10010101011010011010101001010100,10100101011010011010101010011011,10,10
HIT,596,01100110100101100110100110010100,01010110011010011001011010011011,10,10
HIT,597,10101001010110010101101010100100,01100101010101011001010110101011,10,10
HIT,598,01100101100110101010101010010100,01010101101010101010100101010111,10,10
HIT,599,01100101100101101010101010101000,01100101010110010110010110101011,10,10
HIT,600,10101010010101011001101010101000,01010101101010100101010110010111,10,10
HIT,601,10011001010110101010011010101000,01101001100110010101101010100111,11,11
HIT,602,10010110101001101001100110010100,10101010101001101001100110011011,11,11
HIT,603,10010110100110010110101010100100,10010110100110010110100101100111,11,11
HIT,604,10011010101001010101100110101000,01101001010101100110101001101011,11,11
HIT,605,01011010011001100110101001101000,10010110101001100110011010100111,11,11
HIT,606,10010101011010011010100101010100,01010101101001101010011010100111,11,11
HIT,607,10100101011001101001101010100100,10011001101001101010100101100111,11,11
HIT,608,01011010010110101010010101011000,01010110101010010101011010100111,11,11
HIT,609,10010110101001010101101001101000,10011010010101011010011010011011,11,11
HIT,610,01100110010101101010100110010100,01100101011001100101011010101011,11,11
HIT,611,10101010010110011010100101011000,10101010010110011010101001010111,11,11
HIT,612,01011010101001100110100101011000,01101001100110100101011001101011,11,11
HIT,613,01010110100110100110010101101000,01101010101001101001100101011011,11,11
HIT,614,10011001100101101010010101010100,01010110010110101001010101101011,11,11
HIT,615,10010101100110100110100101010100,01010101010101100110100110100111,11,11
HIT,616,10010110011001010110100101100100,01010101100110010101101001101011,11,11
HIT,617,01100110100101100101011001101000,10011010010110010101101010100111,11,11
HIT,618,01101001100110010110101001101000,01011010101001100110010110101011,11,11
HIT,619,01100101101010101010010110010100,10010110101010101001010101011011,11,11
HIT,620,10101010010110100110010101100100,01011010011001010110011010011011,11,11
HIT,621,10101010011001101010010101011000,10010110100110011010100101011011,11,11
HIT,622,01010101011010100110100101101000,10100110010101011010100110100111,11,11
HIT,623,01100110100110010110101010100100,01100110100110010110100101101011,11,11
HIT,624,10101010011001010101011001011000,10101010011001010101010101011011,11,11
HIT,625,10011001011001011001101010010100,10011001010110010110011010100111,11,11
HIT,626,01010101101001011010101010010100,10010101101001011010101001101011,11,11
HIT,627,10101010101001011010010110101000,10011010101010100101101001101011,11,11
HIT,628,10101001101001101001011010101000,10100110100110100101100110100111,11,11
HIT,629,10101001101010101010100101010100,10101010101010100101010101100111,11,11
HIT,630,10101010010101010101010101011000,01011001101010010101010101010111,11,11
HIT,631,10011001101010011001101001100100,10010110011010100110011010101011,11,11
HIT,632,01011010010101011001011010010100,01101001010101100101100110101011,11,11
HIT,633,10100101101010010101011001010100,01100110101001010101100101100111,11,11
HIT,634,10100101101001101001010101101000,10101010010110100110100101100111,11,11
HIT,635,01011010011001010110010101101000,10100110100110010101100101100111,11,11
HIT,636,01011001010110011001101010010100,01101001010110010101100110011011,11,11
HIT,637,10010110011010010101011001011000,01011001011010010101011001011011,11,11
HIT,638,10100110010101101010010101010100,10010101011001010110101001010111,11,11
HIT,639,01101001101010101010010110010100,01101001101010101010011010101011,11,11
HIT,640,01011010010101100101100101011000,01011010010101100101101010010111,11,11
HIT,641,01101001101010101010101010010100,10011010101010101010101010010111,11,11
HIT,642,01100110011010101010101001010100,10011001101010101010101001100111,11,11
HIT,643,01101001101010101001011001101000,10010110100110101010100101010111,11,11
HIT,644,10101010101001011001101001100100,01011001101010100101100110100111,11,11
MISS,645,01101010100101101010010101101000,10010110101010010110101001101011,11,9
HIT,646,01010110100101100101101001100100,01100110100101100101101001010111,11,11
HIT,647,10101010101001101010101001101000,01011010101010100110101010011011,11,11
HIT,648,01101001010110010101100101100100,10010101100101011001010101010111,11,11
HIT,649,10100101101001100101010110101000,10010110100110010101010110011011,11,11
HIT,650,01101010011010100101100101101000,10011010100110101001011010010111,11,11
HIT,651,10100101100110011010011010101000,10010101100101100110011010011011,11,11
HIT,652,01101001010101100101010110010100,01010101011001010101100110101011,11,11
HIT,653,01011010010101100110011010010100,10101010101001010110011001101011,11,11
MISS,654,10011010100101010110010101010100,01011010101001010101100101011011,11,10
HIT,655,01101001010110011010010110100100,10010110011010010110100101101011,11,11
HIT,656,10011010101001101001010110101000,10100110101010100110100101011011,11,11
HIT,657,01010110101001011001100110101000,10010101010101101010010110011011,11,11
HIT,658,10010101011001101010010101101000,10011001100110101001010110100111,11,11
HIT,659,10010101101010100110100101101000,10101010011010010110101001010111,11,11
HIT,660,10011001100101011001101010010100,01100101011001101010011010101011,11,11
HIT,661,01011001101010010110100110101000,01011001101010010110100101010111,12,12
HIT,662,10011010100101101001100110010100,01101010010110100110011010011011,12,12
HIT,663,01011010101001011010010110101000,10101001011010010110101010100111,12,12
HIT,664,10011010101001100110011010101000,10101001100110011010101010101011,12,12
HIT,665,01011001010101100110011001011000,10010101010110011001100101100111,12,12
HIT,666,01011001100110101010100110100100,01010110011001101010101001011011,12,12
HIT,667,01010101101010010101011001101000,10011010100101010110011010010111,12,12
HIT,668,01100110100101101001010101011000,01101001011010010101010101011011,12,12
HIT,669,01101001100110011001101010010100,10011001100110011010100110100111,12,12
HIT,670,01010110011001101010010110011000,10011001100110101001011001011011,12,12
HIT,671,10011010100110010101100101101000,01100101101010011001010110010111,12,12
HIT,672,01101001010101011001010110100100,01101001101001010101011001010111,12,12
HIT,673,10010110010101010110100101010100,10100101010101101001010101010111,12,12
HIT,674,10011010101001100101010110100100,10101001101010100110010101010111,12,12
HIT,675,01101010100101011010101010101000,10101010010101101010101001011011,12,12
HIT,676,01100101101010011010101001101000,10011010100110101010011010100111,12,12
HIT,677,10010110100101100110011010101000,01010101101001011001100110100111,12,12
HIT,678,10101010101010010101010110100100,10101010010101010110100101101011,12,12
HIT,679,01101001011001100101101001011000,01010101011001100101101001011011,12,12
HIT,680,10011010010110100110011001101000,10010110100110011001101001100111,12,12
HIT,681,01100110100101101010011001011000,10011001100110100101101010011011,12,12
HIT,682,10010110101010101010011001011000,01101010101010100110010101100111,12,12
HIT,683,01011001100101100101011010101000,01100101100110010110010101100111,12,12
HIT,684,10101001101001010110101010100100,10010110011010010101101010101011,12,12
HIT,685,10101001100110101010011010101000,10100110011010101001101001100111,12,12
HIT,686,10101001011001101001101010011000,10100110101001011001101001101011,12,12
HIT,687,10100101011010101001101001100100,10100110010101101010100110100111,12,12
HIT,688,10101010100101010101011010101000,01101010100101010101011010011011,12,12
HIT,689,10100101100101101001101010101000,01011001011010011010101001101011,12,12
HIT,690,10100101100101010101100101101000,10100101100101010101100110100111,12,12
HIT,691,10101010011001101001010101101000,10011001100110100101010110101011,12,12
HIT,692,10010101011010011001100101101000,01100110010101011010011001100111,12,12
HIT,693,10100101100110100101010110100100,01101010100101100110100101010111,12,12
MISS,694,10101001011001011001101010100100,10010110010110011010101010100111,12,7
HIT,695,01011010101001010101010101010100,10101010010101010101010110101011,12,12
HIT,696,01100101011010011001011010101000,01010110100110010110101001100111,12,12
HIT,697,01011010011001101001011010010100,01101001011010011001101001011011,12,12
HIT,698,10010101101001101001011001101000,01100101011010011010010110101011,12,12
HIT,699,10100110011001100110101010011000,10011001100110011010101010010111,12,12
HIT,700,01101001100101101001101001101000,10100110011001011010011010011011,12,12
HIT,701,01010101100101101010010101010100,10100101100101101010010101011011,12,12
HIT,702,01100110100110011001010110101000,10011001101001100110010101010111,12,12
HIT,703,10100110100110100101100101011000,10011010011010010110010110101011,12,12
HIT,704,10010110101010100110010110011000,01011010101010100110010110011011,12,12
HIT,705,10010110101001100101010101100100,10101010011001010101011001011011,12,12
HIT,706,10100101010110101001101010010100,10010101101010011010100101011011,12,12
HIT,707,01100110010101010101100101101000,10011001100101010101011001101011,12,12
HIT,708,01011010011010010101100101011000,01011001101001101001010110010111,12,12
HIT,709,01011001100110100101100101100100,10011001100110100101100101011011,12,12
HIT,710,10101010011010100101011010010100,01010110101010011010100101011011,12,12
HIT,711,10011010101001100110011010011000,01011010101010011001100110100111,12,12
HIT,712,10010110101010101001101010100100,01101010101010011010101010101011,12,12
HIT,713,10101001011001010110011010010100,01011001010110011010010110101011,12,12
HIT,714,10101010100110101010100110011000,01101001101010101001100110101011,12,12
HIT,715,10100110101010011001100110011000,01101010011010101001100110010111,12,12
HIT,716,01101010100110011010100110010100,01101001100110101001100101101011,12,12
HIT,717,10010110101010100101011001101000,01011010101010100101011001101011,12,12
HIT,718,01101010100110010110101010101000,01011010101010011001011010101011,12,12
HIT,719,10101001100101011001100110100100,10100101100101011001100110100111,12,12
HIT,720,10011010100110100101011001011000,01101010011010010101100110010111,12,12
HIT,721,01010101010110101010100101011000,10010101011010101010010101100111,13,13
HIT,722,01101001100101011010101001010100,01010110100110010101101010100111,13,13
HIT,723,01011001100101011001100101011000,10100110011001010110011001010111,13,13
HIT,724,10011001010101011001010101011000,10010101010110010101010110100111,13,13
HIT,725,01101001010101011001101010011000,01011001010101011001101010011011,13,13
HIT,726,01101001101001010101011010010100,01100110100101010101101001011011,13,13
HIT,727,10011001010110101010101010101000,10010110010101101010101010101011,13,13
HIT,728,01101010010110101001101001101000,10101001011010100110100110011011,13,13
HIT,729,10010101010110101001011001010100,10010101010110101001011001101011,13,13
HIT,730,10100110011010010110101010011000,01101010011001101001011010101011,13,13
HIT,731,10011010100101010110011001011000,10101001010101100110010110011011,13,13
HIT,732,01100110101010011010101001101000,10101001101010100110101010011011,13,13
HIT,733,10011010010110100101101010101000,01101010010110100101101010101011,13,13
HIT,734,01011001100110011010101001100100,10011001100110101010011001010111,13,13
HIT,735,10100101010110101001100101101000,01011001010101101010011001011011,13,13
HIT,736,01010101011010100110010110100100,01010101010101101010011001011011,13,13
HIT,737,01011010101001011001101010101000,10101010010110011010101010011011,13,13
HIT,738,10011010100101011001100101010100,10100110101001010110011001011011,13,13
HIT,739,01100101011010010101011001011000,10010101011010010101011001011011,13,13
HIT,740,01101001010101010101010101101000,10101001010101010101010101100111,13,13
HIT,741,01010101101001010110101001011000,10100101010110100101011010100111,13,13
HIT,742,01011010100110010110101010101000,01010110101001100101101010100111,13,13
HIT,743,01100110011010011001100110010100,01100110011010011001100110100111,13,13
HIT,744,01010101010110101010100110010100,01100101010110101010100110010111,13,13
HIT,745,10011001010110100110011001100100,01011001010110100110011001101011,13,13
MISS,746,10010110101001011001100110010100,01011010100101100110011001100111,13,12
HIT,747,10101010011010100101100101010100,10101010100110101001011001011011,13,13
HIT,748,10010110100110100110010101011000,10011010011010011001010101100111,13,13
HIT,749,10100110101010010110011001100100,01101010011010101001011001100111,13,13
HIT,750,10100110101010011001010110100100,01011001101010100110010101101011,13,13
HIT,751,01101010010110100101010110010100,10100101101001010101100101101011,13,13
HIT,752,01010101011010010101011001010100,01010110100101010110010101100111,13,13
HIT,753,01101001101010100110100110101000,10100110100110101010011010011011,13,13
HIT,754,01011001101001101001100101010100,01100110011010011010011001010111,13,13
HIT,755,10100110011001100110100101100100,10011001100110011010010110101011,13,13
HIT,756,10100101010101100101101001101000,01010101010101100101101001101011,13,13
HIT,757,10100110010110011001101001010100,01100101100110011010010101101011,13,13
HIT,758,01010101010101101010100110010100,01010101010101101010100110101011,13,13
HIT,759,01100101011010100110010110100100,01010110101001100101101001011011,13,13
HIT,760,10010110011010100101101010010100,01100110101001011010100101011011,13,13
HIT,761,01101001101001101001011001010100,01011010011010011010010110011011,13,13
HIT,762,10011001100101011010011010010100,01101001100110010101101001101011,13,13
HIT,763,10011001011010100101101010010100,01011001011010100101101010011011,13,13
HIT,764,10010110100101101001101001100100,01101001011010011010011001101011,13,13
HIT,765,10011001011001100101010101010100,10100101100110010101010101010111,13,13
HIT,766,10101010011010100101010101100100,10100110101001010101011001010111,13,13
HIT,767,01010110011001100110010101100100,01100110011001100110010101100111,13,13
HIT,768,10011001100110010110010101010100,01010110011001100101100101010111,13,13
HIT,769,01010110010110011001011001101000,01011001011001100101100110010111,13,13
HIT,770,01010110100101100101010101010100,01011010010110010101010101100111,13,13
HIT,771,10101001011001010101100110010100,01101010010110010101011001101011,13,13
HIT,772,10011010101001011001010110101000,10101010010110010101101010011011,13,13
HIT,773,10100101100101010101101001011000,10101001011001010101011010011011,13,13
HIT,774,10011010010101011001101001100100,01100110100101010110011010010111,13,13
HIT,775,10100101011010101010010101010100,10100101011010101010010101100111,13,13
HIT,776,01100101010110101001011001100100,10100110010101011010100101100111,13,13
HIT,777,01101001011001101010010101100100,01011010010110011010100101010111,13,13
HIT,778,10101010101001101001010110100100,10011010101010011010010101101011,13,13
HIT,779,01100110100101010110010101101000,10010110100101010110010101101011,13,13
HIT,780,01100110100101100101100101101000,10011010010110010110010110010111,13,13
HIT,781,10010101010101010101010101100100,10010101010101010101010101101011,14,14
HIT,782,10011010100101101001101001010100,10100110101001011010011010010111,14,14
HIT,783,10100101100110010101100110100100,10010110011001010110011010011011,14,14
MISS,784,01101010011010010110101010011000,10101001101001011010101001100111,14,11
HIT,785,01010101101001010110101010011000,10010101011010010101101010100111,14,14
HIT,786,10101001011010100110100101100100,01101001011010100110100101100111,14,14
HIT,787,10010101101001010110101001010100,01010101101001010110101001010111,14,14
HIT,788,10100101100110011010100110011000,10100101100110011010100110010111,14,14
HIT,789,10100101011001100110101001100100,10101001010110011001101010011011,14,14
HIT,790,01011001101010011001101010101000,01011001101010011001101010100111,14,14
HIT,791,10010110010101101001010101100100,10010110010101101001010101101011,14,14
HIT,792,01010110100101100101101001101000,01010101101001011001011010011011,14,14
HIT,793,10010101011010101001011001100100,01010101101010100101100110011011,14,14
HIT,794,10010101011010010110100110011000,01010101101001011010011001101011,14,14
HIT,795,01010110011001010110100101010100,10010110011001010110100101010111,14,14
HIT,796,10100101100101101001100110101000,01100101100101101001100110101011,14,14
HIT,797,10100101101001011010100101100100,10010110100101101010010110010111,14,14
HIT,798,10010110101010100101101001010100,01011010101010010110100101011011,14,14
HIT,799,10101010011001010101011001101000,10101010011001010101011001100111,14,14
HIT,800,10101001101010101010011010101000,10100110101010101001101010101011,14,14
HIT,801,01010110100101100110100110101000,10010110100101100110100110101011,14,14
MISS,802,01011001011001100101010110011000,01100101100110010101011001101011,14,7
HIT,803,01100101010101010110101010011000,10100101010101010110101010011011,14,14
HIT,804,01011001101001100110010110101000,01100110100110011001011010101011,14,14
HIT,805,10101010100110101010011001010100,10101010011010101001100101010111,14,14
HIT,806,10101001011001100110101001101000,10101010010110011001101010011011,14,14
HIT,807,01010101100101011001010110010100,01010101011001010110010101100111,14,14
HIT,808,01010101100110011010010101101000,01010110011001101001010110101011,14,14
HIT,809,01100101100110100101100110010100,01100101100110100101100110011011,14,14
HIT,810,10100101101001011010011001101000,10101001011010010110100110011011,14,14
HIT,811,01100110101010010101010110101000,10011010101001010101011010101011,14,14
HIT,812,01101010010110011010101001101000,10101001011001101010100110100111,14,14
HIT,813,10010110100110011010010110010100,01100101101001100110100101100111,14,14
HIT,814,01010101101001011001011001100100,01010101101001011001011001101011,14,14
HIT,815,10100101101001101001010110010100,10101001011010011010010101100111,14,14
HIT,816,10101010101010011010100101101000,10101010101010011010100101100111,14,14
HIT,817,01100101101010010110101001010100,01011001011010100101101010010111,14,14
HIT,818,10010101101010101010101010101000,10010101101010101010101010100111,14,14
HIT,819,10010101010110010101011001100100,10010101010110010101011001101011,14,14
HIT,820,10011010010101010110011010100100,01101001010101011001101010011011,14,14
HIT,821,01011001100101010110010110101000,01100110010101011001011010100111,14,14
HIT,822,01010101011010010101101001010100,10010101011010010101101001010111,14,14
HIT,823,10101001011010101010010101011000,10101010010110101010100101010111,14,14
HIT,824,10011001010101100110100101010100,01100101010110011010010101010111,14,14
HIT,825,01011001100110010101100101011000,01100110011001010110010101100111,14,14
HIT,826,10010110011010101010100101100100,10010110011010101010100101101011,14,14
HIT,827,01101001010101100101101001010100,01011010010101011001011010010111,14,14
HIT,828,01011010010101101001101001100100,01101001010110100110100110011011,14,14
HIT,829,01100110011001101010101010100100,10011001100110101010101010011011,14,14
HIT,830,10101010101010100101010110010100,01101010101010100101010110010111,14,14
HIT,831,01100101100110010110011010011000,10011001011001100101100110100111,14,14
HIT,832,10010110011010010101100110101000,10100101100110100101011001101011,14,14
HIT,833,10010110011010010101101010010100,10100101100110100101011010100111,14,14
HIT,834,10010110101010011010011010011000,10100101101010100110100110100111,14,14
HIT,835,01101010101001101001010101010100,01101010101001101001010101011011,14,14
HIT,836,10010101010101011001010101011000,01010101010101100101010101100111,14,14
HIT,837,01010110100101100110010110010100,01011010010110011001011001011011,14,14
HIT,838,10010110101010101010011001010100,01011010101010101001100101010111,14,14
HIT,839,10100101010101100110010101101000,01100101010101100110010101101011,14,14
HIT,840,10011010011010010101011010010100,10011010011010010101011010011011,14,14
MISS,841,10011010101010100110010101101000,10011010101010100110010101101011,15,7
HIT,842,10100110011010010110011001100100,10100110011010010110011001100111,15,15
MISS,843,01010101100101010101101001011000,01010101100101010101101001011011,15,14
HIT,844,01011001011010100110011001100100,01011001011010100110011001100111,15,15
HIT,845,01101010010101010110101001100100,01101010010101010110101001100111,15,15
HIT,846,10101001100110100110011010010100,10101001100110100110011010010111,15,15
HIT,847,10011001010110010101011010100100,10011001010110010101011010100111,15,15
MISS,848,10010101101001011010011010010100,10010101101001011010011010010111,15,11
HIT,849,01101001100110010110100110100100,01101001100110010110100110100111,15,15
HIT,850,10100110101001100101011010101000,10100110101001100101011010101011,15,15
HIT,851,01101001100101010110010101101000,01101001100101010110010101101011,15,15
HIT,852,10011010100110101010101001100100,10011010100110101010101001100111,15,15
HIT,853,01100101101010100110101001101000,01100101101010100110101001101011,15,15
HIT,854,10101001010101101010010110010100,10101001010101101010010110010111,15,15
HIT,855,10100101100101010110010110011000,10100101100101010110010110011011,15,15
HIT,856,10010101010101101001100101100100,10010101010101101001100101100111,15,15
HIT,857,10010110010101101010011010100100,10010110010101101010011010100111,15,15
HIT,858,10100110011010100101010101101000,10100110011010100101010101101011,15,15
HIT,859,01101010011010101001011001100100,01101010011010101001011001100111,15,15
HIT,860,10100101100110011001010101101000,10100101100110011001010101101011,15,15
HIT,861,10010110010101101010100101100100,10010110010101101010100101100111,15,15
MISS,862,10011010010110100110010101100100,10011010010110100110010101100111,15,7
HIT,863,10011001101001100110101001011000,10011001101001100110101001011011,15,15
HIT,864,01010101011001100110100101011000,01010101011001100110100101011011,15,15
HIT,865,10010101100101101001100110010100,10010101100101101001100110010111,15,15
HIT,866,10101001011001011001011001100100,10101001011001011001011001100111,15,15
HIT,867,10011010011001011001010110100100,10011010011001011001010110100111,15,15
MISS,868,01101001101010010101010101100100,01101001101010010101010101100111,15,7
HIT,869,01011010101010100101100101011000,01011010101010100101100101011011,15,15
HIT,870,10010110100101101010100101010100,10010110100101101010100101010111,15,15
MISS,871,01100101011010010101011010010100,01100101011010010101011010010111,15,7
HIT,872,10100110101010100110101001011000,10100110101010100110101001011011,15,15
MISS,873,01101010101010010101011001101000,01101010101010010101011001101011,15,14
HIT,874,10011010010101010110010110101000,10011010010101010110010110101011,15,15
HIT,875,10101001100110100101101010101000,10101001100110100101101010101011,15,15
HIT,876,10101001100110010101100101011000,10101001100110010101100101011011,15,15
HIT,877,10101001010110101010011010100100,10101001010110101010011010100111,15,15
HIT,878,10011001011010010101100110101000,10011001011010010101100110101011,15,15
HIT,879,10101001101001010101010101101000,10101001101001010101010101101011,15,15
HIT,880,10011010101010101001010110100100,10011010101010101001010110100111,15,15
HIT,881,01010110101001101001010101011000,01010110101001101001010101011011,15,15
HIT,882,10100101010110011010101010100100,10100101010110011010101010100111,15,15
HIT,883,10010110101001010101010110101000,10010110101001010101010110101011,15,15
HIT,884,01011010101001010101011010100100,01011010101001010101011010100111,15,15
HIT,885,01100101010101100101011010101000,01100101010101100101011010101011,15,15
HIT,886,01010101101001010110010101010100,01010101101001010110010101010111,15,15
HIT,887,10101001010110100101011010011000,10101001010110100101011010011011,15,15
HIT,888,10010110101010101010010110100100,10010110101010101010010110100111,15,15
HIT,889,01100110011010011010011010101000,01100110011010011010011010101011,15,15
HIT,890,10011010100110100110100110101000,10011010100110100110100110101011,15,15
HIT,891,10011001101010010110011001100100,10011001101010010110011001100111,15,15
HIT,892,01100110100101010101100110101000,01100110100101010101100110101011,15,15
HIT,893,01101001011010010101010110100100,01101001011010010101010110100111,15,15
HIT,894,10100110100101100101010101100100,10100110100101100101010101100111,15,15
HIT,895,10101010101001101001101001011000,10101010101001101001101001011011,15,15
HIT,896,10010110101010101001011010011000,10010110101010101001011010011011,15,15
HIT,897,10101010101010011010010101101000,10101010101010011010010101101011,15,15
HIT,898,10101010100110101001010101100100,10101010100110101001010101100111,15,15
HIT,899,10100101101010010101010101100100,10100101101010010101010101100111,15,15
HIT,900,01100110010101101001010110101000,01100110010101101001010110101011,15,15
