outcome, cumulative-outcome, X, Y, expected-LCS, found-LCS
HIT, 1, 1001011010100100, 1001101001011011, 4, 4
HIT, 2, 1001101001011000, 0110011010010111, 6, 6
HIT, 3, 1001100101010100, 0110011001010111, 6, 6
HIT, 4, 1010010101101000, 1010010101010111, 5, 5
HIT, 5, 1010100101010100, 0101101001100111, 3, 3
HIT, 6, 1001011010011000, 1010010110011011, 4, 4
HIT, 7, 1001010101010100, 0101010110010111, 4, 4
HIT, 8, 1010010101100100, 1001011010100111, 3, 3
HIT, 9, 0110101001011000, 1010101001010111, 5, 5
HIT, 10, 1010101001010100, 1001011001100111, 3, 3
HIT, 11, 0101101001100100, 0110100110101011, 5, 5
MISS, 1, 1001100110101000, 1001011001011011, 3, 1
HIT, 12, 1001011010100100, 1010011010101011, 4, 4
HIT, 13, 1010010101011000, 0101101001011011, 4, 4
HIT, 14, 1010101001011000, 1001011001101011, 4, 4
HIT, 15, 0110101010100100, 0110100101010111, 3, 3
HIT, 16, 1001100101101000, 0101100110010111, 5, 5
HIT, 17, 0101010110100100, 0101011001011011, 4, 4
HIT, 18, 0110100110011000, 1001100110010111, 5, 5
HIT, 19, 1010010101100100, 1010100110100111, 3, 3
HIT, 20, 1001011010100100, 0110101010100111, 4, 4
MISS, 2, 0101010101010100, 0101011001100111, 3, 1
HIT, 21, 0101011010010100, 1010010110101011, 4, 4
HIT, 22, 1001011010101000, 0101011010011011, 4, 4
HIT, 23, 1001101001100100, 1010101001101011, 4, 4
HIT, 24, 0101011001010100, 1010100110100111, 2, 2
HIT, 25, 0110011010101000, 0101100101100111, 3, 3
HIT, 26, 0110100101100100, 1001100101011011, 3, 3
HIT, 27, 0110101001011000, 0110101010011011, 4, 4
HIT, 28, 1001011001011000, 0101010110101011, 3, 3
HIT, 29, 1001011001010100, 1010010110100111, 4, 4
HIT, 30, 1010011010011000, 1010101001011011, 3, 3
HIT, 31, 1001011010101000, 0101100101101011, 5, 5
HIT, 32, 1001101001010100, 0101100101010111, 4, 4
HIT, 33, 1010010101101000, 1010011001010111, 4, 4
HIT, 34, 1010100110101000, 1010101010100111, 4, 4
HIT, 35, 0110100101100100, 1010101010010111, 4, 4
HIT, 36, 1010010110010100, 1010011010100111, 3, 3
HIT, 37, 1010010101010100, 0101101001011011, 4, 4
HIT, 38, 1010100110100100, 0101101010100111, 4, 4
HIT, 39, 1010011001100100, 1010101001100111, 5, 5
HIT, 40, 1001010110101000, 0101010110101011, 6, 6
MISS, 3, 0101010101100100, 1010101001010111, 3, 1
HIT, 41, 1001010101011000, 1001100101010111, 5, 5
HIT, 42, 0110011001011000, 0110011010100111, 4, 4
HIT, 43, 1001100101010100, 0110101001100111, 4, 4
HIT, 44, 1001100110101000, 0110100110100111, 4, 4
HIT, 45, 0101010110100100, 0110010110101011, 4, 4
HIT, 46, 0110101001011000, 1010101001011011, 6, 6
HIT, 47, 0101010110010100, 0110100101101011, 3, 3
HIT, 48, 0110010101010100, 1001101001011011, 3, 3
HIT, 49, 0110011010010100, 1010011010010111, 6, 6
HIT, 50, 1010101001011000, 1001101001011011, 5, 5
MISS, 4, 1010011001100100, 1010010110101011, 3, 1
HIT, 51, 1010100110101000, 1001101010010111, 5, 5
HIT, 52, 1010010110010100, 1001101010100111, 3, 3
HIT, 53, 1001101010100100, 0110101010100111, 5, 5
HIT, 54, 1001011001100100, 1001100110100111, 4, 4
HIT, 55, 0110010101101000, 1010101001100111, 3, 3
HIT, 56, 0101011001010100, 1010011010100111, 2, 2
HIT, 57, 0110011001011000, 0101011001101011, 4, 4
HIT, 58, 1001011001011000, 1001011010010111, 4, 4
HIT, 59, 1001101001100100, 0101101001010111, 4, 4
MISS, 5, 1001011010011000, 0110010101010111, 3, 1
HIT, 60, 1010101010010100, 0101011010100111, 4, 4
HIT, 61, 0101101001010100, 0101101001101011, 5, 5
HIT, 62, 1010011010101000, 1010011010100111, 6, 6
HIT, 63, 1001101001010100, 1010011001010111, 4, 4
HIT, 64, 1010100101101000, 1010010101011011, 4, 4
HIT, 65, 0101101010101000, 1001100101010111, 2, 2
HIT, 66, 0110011001011000, 0110100101010111, 3, 3
HIT, 67, 0101100110100100, 1010010110100111, 4, 4
HIT, 68, 1010100101101000, 1001010101100111, 3, 3
HIT, 69, 1001100110011000, 1001011001010111, 3, 3
HIT, 70, 1001011001101000, 1010101001101011, 4, 4
MISS, 6, 0101010101011000, 1010011001010111, 3, 1
HIT, 71, 1010011001010100, 1001010110100111, 4, 4
HIT, 72, 0110010101100100, 0110101001011011, 3, 3
HIT, 73, 0110101001100100, 0101011010010111, 3, 3
HIT, 74, 1001101010011000, 1010010110011011, 3, 3
HIT, 75, 0101010110011000, 1010010110010111, 4, 4
HIT, 76, 1001010110101000, 0101100101010111, 4, 4
HIT, 77, 1010101001100100, 0110100101011011, 3, 3
HIT, 78, 1010101010100100, 0110011001010111, 2, 2
MISS, 7, 0101101010011000, 0110011001011011, 3, 1
HIT, 79, 0101010110100100, 1001100101011011, 4, 4
HIT, 80, 1001010110010100, 1001010101101011, 4, 4
HIT, 81, 0110101001101000, 1010101010101011, 3, 3
HIT, 82, 0101101001011000, 1010011001100111, 3, 3
HIT, 83, 0110010110100100, 0101011001011011, 5, 5
HIT, 84, 0110010110101000, 0110101010010111, 4, 4
HIT, 85, 1001010101010100, 0101101001011011, 3, 3
HIT, 86, 0110101010011000, 1001010101011011, 2, 2
HIT, 87, 0101011001101000, 0101011001101011, 7, 7
HIT, 88, 1001011001100100, 1001100101010111, 4, 4
HIT, 89, 1001101010010100, 0110010110011011, 3, 3
HIT, 90, 0101010101010100, 0110101001011011, 2, 2
HIT, 91, 1010101010100100, 0101010101101011, 2, 2
HIT, 92, 1001100101101000, 0101010110011011, 3, 3
HIT, 93, 1001100101100100, 0110011010101011, 3, 3
HIT, 94, 1010011010010100, 0101101010011011, 4, 4
HIT, 95, 0101100101010100, 0101100101011011, 6, 6
HIT, 96, 1010100101101000, 0110011010100111, 4, 4
MISS, 8, 1001011010101000, 0110100101011011, 3, 1
HIT, 97, 0101101001011000, 1010011010010111, 5, 5
HIT, 98, 1001101010010100, 0101100110101011, 5, 5
HIT, 99, 1010010110101000, 1001101010010111, 4, 4
HIT, 100, 0110010110101000, 0101101001011011, 4, 4
HIT, 101, 0110101010101000, 0110100101011011, 3, 3
HIT, 102, 0101010101100100, 0110011010101011, 3, 3
HIT, 103, 1010100110101000, 0101101010100111, 4, 4
HIT, 104, 1001101001011000, 0110011001100111, 3, 3
HIT, 105, 1001010110011000, 0101101010101011, 3, 3
HIT, 106, 0110101010101000, 1010011001101011, 3, 3
HIT, 107, 0110010101010100, 0101010101010111, 5, 5
HIT, 108, 0110010101011000, 1010011010101011, 2, 2
HIT, 109, 1001010110101000, 1001100110101011, 4, 4
MISS, 9, 0101100110100100, 0110010101101011, 3, 1
HIT, 110, 1010011001010100, 0101010101010111, 3, 3
HIT, 111, 1010010110101000, 1010010110100111, 6, 6
HIT, 112, 0101011010010100, 0110101010011011, 3, 3
HIT, 113, 0101011010011000, 1010101010010111, 3, 3
HIT, 114, 1001010110011000, 1010101010101011, 1, 1
HIT, 115, 0110010101010100, 0110011001011011, 4, 4
HIT, 116, 0101101001010100, 0110011001010111, 4, 4
HIT, 117, 1010101001011000, 1010100110011011, 4, 4
HIT, 118, 0110101001100100, 1010011001101011, 5, 5
MISS, 10, 0101101001011000, 0101011001101011, 3, 1
HIT, 119, 0110010101011000, 0101100101100111, 4, 4
HIT, 120, 0110010110011000, 1001011001101011, 6, 6
HIT, 121, 1001010101101000, 1010100110100111, 3, 3
HIT, 122, 0110011001101000, 1010100101100111, 3, 3
HIT, 123, 1010101001010100, 0101011001010111, 4, 4
HIT, 124, 1010100110011000, 1010101001101011, 5, 5
HIT, 125, 1001101010011000, 0110010101100111, 2, 2
HIT, 126, 1010010101011000, 0101100110011011, 3, 3
HIT, 127, 1001010101011000, 0110101010010111, 3, 3
MISS, 11, 0101101001101000, 1010010110010111, 3, 1
HIT, 128, 0110010101100100, 1001010110011011, 6, 6
HIT, 129, 0110010110010100, 0110010110010111, 7, 7
HIT, 130, 1010011001101000, 1001010101010111, 2, 2
HIT, 131, 1001010101011000, 1010010101101011, 4, 4
HIT, 132, 0110101010101000, 0101101001100111, 3, 3
HIT, 133, 0101100110100100, 0101010110100111, 4, 4
HIT, 134, 0110100110010100, 1010010101010111, 3, 3
HIT, 135, 0110011001101000, 1010010101011011, 2, 2
HIT, 136, 1010100101011000, 0101100101010111, 4, 4
HIT, 137, 1010010110010100, 1010100101011011, 4, 4
HIT, 138, 0101101010101000, 1010100110011011, 3, 3
HIT, 139, 1001100101100100, 1001100110011011, 4, 4
HIT, 140, 0110101010101000, 0101010110011011, 2, 2
HIT, 141, 1001010101011000, 0110100101011011, 4, 4
HIT, 142, 1001011001010100, 0110100110100111, 2, 2
MISS, 12, 0110011001010100, 0101010101010111, 3, 1
HIT, 143, 0110100110101000, 0101011001010111, 2, 2
HIT, 144, 0110011001010100, 0110100110100111, 3, 3
HIT, 145, 0110011010101000, 0101100110100111, 5, 5
HIT, 146, 0101011001011000, 0101010110010111, 6, 6
HIT, 147, 1010011010100100, 1010100110100111, 5, 5
HIT, 148, 0110011001100100, 1010101001010111, 2, 2
HIT, 149, 1001100101100100, 0110100101101011, 4, 4
HIT, 150, 1010011010101000, 1010100110100111, 5, 5
HIT, 151, 0110101001100100, 1001100101100111, 4, 4
HIT, 152, 1001100101100100, 0110100110101011, 3, 3
HIT, 153, 1010101010011000, 1010101001101011, 6, 6
HIT, 154, 1010101001011000, 0110011001011011, 4, 4
HIT, 155, 1010011001100100, 0110011001100111, 6, 6
MISS, 13, 0110010101011000, 1001100110011011, 3, 1
HIT, 156, 0101010101100100, 0101010101011011, 6, 6
HIT, 157, 1010011010100100, 0101010110101011, 4, 4
HIT, 158, 0101101001011000, 0110011001100111, 2, 2
HIT, 159, 0110101010010100, 0101101010101011, 5, 5
HIT, 160, 1010101001100100, 1010101010100111, 5, 5
HIT, 161, 0110011001100100, 1010101010011011, 3, 3
HIT, 162, 0101010101011000, 0101100110010111, 3, 3
HIT, 163, 0101010110011000, 1001100110011011, 4, 4
HIT, 164, 0110011001010100, 0101011001011011, 4, 4
HIT, 165, 1001100110011000, 1001101010101011, 3, 3
HIT, 166, 0110100101011000, 0110011001011011, 3, 3
HIT, 167, 0110101001101000, 1010101001101011, 6, 6
HIT, 168, 0101010101100100, 0110011001101011, 3, 3
HIT, 169, 0110101010100100, 0110101010010111, 5, 5
HIT, 170, 0110010101100100, 0101101010100111, 3, 3
MISS, 14, 1010100101011000, 0110010110100111, 3, 1
HIT, 171, 1010100101101000, 1001011010011011, 5, 5
HIT, 172, 1001010101011000, 0101010101100111, 6, 6
HIT, 173, 0110011001100100, 1010100101100111, 3, 3
HIT, 174, 0110010101010100, 0101101010010111, 3, 3
HIT, 175, 1010011010011000, 0101101001100111, 5, 5
HIT, 176, 0101100110011000, 1010100110100111, 3, 3
HIT, 177, 1010100101100100, 1010011001100111, 3, 3
HIT, 178, 0101011010010100, 1010100101100111, 4, 4
HIT, 179, 0110101001011000, 0101010101101011, 3, 3
HIT, 180, 1010011010100100, 1010010101011011, 3, 3
HIT, 181, 0101101001101000, 0110101001011011, 3, 3
HIT, 182, 1001011010100100, 0101010101010111, 2, 2
HIT, 183, 0110010101010100, 1001101010011011, 2, 2
HIT, 184, 0101011010100100, 0101100101011011, 4, 4
HIT, 185, 1001011010100100, 1001011001100111, 4, 4
HIT, 186, 1001100101100100, 1010100101101011, 4, 4
HIT, 187, 0101101010100100, 0101100110100111, 3, 3
HIT, 188, 0110101001010100, 1010010101101011, 5, 5
HIT, 189, 0110011001010100, 1010101010010111, 3, 3
HIT, 190, 0101101010010100, 1010011010011011, 3, 3
HIT, 191, 1001101010011000, 1001010110100111, 3, 3
HIT, 192, 0101100101100100, 0110011010010111, 3, 3
HIT, 193, 0110100110011000, 1010101010011011, 4, 4
HIT, 194, 0110011010010100, 0101011010010111, 5, 5
HIT, 195, 0110101001011000, 1001011010010111, 4, 4
HIT, 196, 0101010101010100, 1010010101100111, 3, 3
HIT, 197, 0110100101011000, 0110100110100111, 4, 4
HIT, 198, 0110100110011000, 0101100110101011, 4, 4
HIT, 199, 1010010110101000, 1010010110011011, 5, 5
HIT, 200, 0110100110100100, 1010010101101011, 3, 3
HIT, 201, 0101010110100100, 1010101010011011, 3, 3
HIT, 202, 1010010101010100, 1010100110101011, 3, 3
MISS, 15, 1001101001101000, 0110010110101011, 3, 1
HIT, 203, 0110011010011000, 0101101001011011, 4, 4
HIT, 204, 1001100110011000, 1001101001101011, 3, 3
HIT, 205, 0101101001010100, 0110011010011011, 4, 4
HIT, 206, 0110011001010100, 0101101010010111, 3, 3
MISS, 16, 1010100101100100, 1001100110100111, 3, 1
HIT, 207, 0110011001011000, 1001101010100111, 3, 3
HIT, 208, 1001011001010100, 0110101001101011, 2, 2
HIT, 209, 0101101001010100, 0110011010100111, 3, 3
HIT, 210, 0101100110011000, 0101010101101011, 3, 3
HIT, 211, 0110011001101000, 1010101001100111, 4, 4
HIT, 212, 0101101010011000, 1010100101100111, 4, 4
HIT, 213, 1010101010011000, 0101011001011011, 2, 2
HIT, 214, 1010101001100100, 1001011001100111, 4, 4
HIT, 215, 1001100101101000, 0101101010011011, 4, 4
HIT, 216, 0110100101010100, 0110010110010111, 3, 3
HIT, 217, 0101010101011000, 1001011001010111, 3, 3
HIT, 218, 0110010101010100, 1010010110011011, 3, 3
HIT, 219, 0101010101010100, 0101100101101011, 2, 2
HIT, 220, 0101101001101000, 1001101010011011, 4, 4
HIT, 221, 0110010110010100, 0101011001100111, 4, 4
HIT, 222, 1001010110101000, 0110011001100111, 2, 2
HIT, 223, 0110010101101000, 0110100110100111, 3, 3
HIT, 224, 1010011001101000, 0101100101010111, 3, 3
MISS, 17, 1010011001011000, 0101010110011011, 3, 1
HIT, 225, 0101100101100100, 0101100101101011, 6, 6
HIT, 226, 0101100110101000, 1010100110010111, 3, 3
HIT, 227, 0110010101101000, 0110010110010111, 4, 4
HIT, 228, 1001101010101000, 1001100110010111, 3, 3
HIT, 229, 0101101001101000, 1001010101100111, 3, 3
HIT, 230, 0101101001101000, 0110010101011011, 3, 3
HIT, 231, 0110010110101000, 1010010101011011, 3, 3
HIT, 232, 1010101010011000, 1010011001011011, 4, 4
HIT, 233, 0110010101101000, 0110100110100111, 3, 3
HIT, 234, 0110100101101000, 0101100110011011, 3, 3
HIT, 235, 1001011001010100, 0101011010010111, 3, 3
HIT, 236, 1001100110010100, 0110011001011011, 6, 6
HIT, 237, 0110100101010100, 1010010110011011, 4, 4
HIT, 238, 1010011001011000, 0110011001010111, 5, 5
HIT, 239, 1010011010100100, 0110100101100111, 3, 3
HIT, 240, 1010010101010100, 1010100110010111, 3, 3
HIT, 241, 1010100110101000, 1001100110101011, 5, 5
HIT, 242, 0110101010010100, 1001011001101011, 3, 3
HIT, 243, 1001100110100100, 0110011010100111, 5, 5
HIT, 244, 0110101001011000, 0101010110010111, 3, 3
HIT, 245, 0110100110011000, 0110101010011011, 4, 4
HIT, 246, 1010101001011000, 0110010110101011, 4, 4
HIT, 247, 0110101001101000, 1010011001100111, 4, 4
HIT, 248, 1010100110101000, 1001010110010111, 2, 2
HIT, 249, 1010100101011000, 0101010110011011, 4, 4
HIT, 250, 1010010110100100, 0110010110100111, 6, 6
HIT, 251, 1010011010011000, 1010011010010111, 6, 6
HIT, 252, 0110010110101000, 0110101001010111, 4, 4
HIT, 253, 0110010110101000, 0101100101010111, 4, 4
HIT, 254, 0110010101011000, 0110011010101011, 3, 3
HIT, 255, 0110100101101000, 0110011010011011, 4, 4
HIT, 256, 0110011010101000, 1001100110101011, 6, 6
HIT, 257, 1001100101101000, 1001011010101011, 5, 5
HIT, 258, 0101010110011000, 0101011001010111, 5, 5
HIT, 259, 1010010110100100, 1001100101010111, 3, 3
HIT, 260, 0101011001101000, 1010010101010111, 3, 3
HIT, 261, 0101101001011000, 1001101001101011, 4, 4
HIT, 262, 0110011010100100, 1001100110010111, 4, 4
HIT, 263, 1001100110010100, 1010010110010111, 4, 4
HIT, 264, 0110011001101000, 1001100110010111, 5, 5
HIT, 265, 1001100110101000, 0101011010011011, 3, 3
HIT, 266, 0110101001101000, 0101101001010111, 3, 3
HIT, 267, 0110101001100100, 1001011001011011, 3, 3
HIT, 268, 1001100101011000, 0101100110101011, 3, 3
HIT, 269, 0110011001101000, 1001100110101011, 6, 6
HIT, 270, 1001100110010100, 1010011001100111, 6, 6
HIT, 271, 0110010110101000, 0110010101101011, 4, 4
HIT, 272, 0110101001010100, 0101010101010111, 3, 3
HIT, 273, 0110101010011000, 0110101010100111, 5, 5
HIT, 274, 0110011010010100, 0110100101010111, 5, 5
HIT, 275, 1010101010101000, 0110010101101011, 2, 2
HIT, 276, 0110010110011000, 0101011010101011, 3, 3
HIT, 277, 1001011001010100, 0101100101010111, 6, 6
HIT, 278, 1001100101101000, 1001101010011011, 3, 3
HIT, 279, 0101011010101000, 1010010101100111, 4, 4
HIT, 280, 0110101010010100, 0101101001101011, 3, 3
HIT, 281, 0101101001010100, 0101100101010111, 4, 4
HIT, 282, 1010011001100100, 1010010110010111, 3, 3
HIT, 283, 1001100101010100, 1010101001011011, 3, 3
HIT, 284, 1010101010100100, 1010010101101011, 3, 3
HIT, 285, 0110010110101000, 0110011010101011, 4, 4
HIT, 286, 0101011010101000, 1001100101101011, 4, 4
HIT, 287, 0101100101010100, 1010011001100111, 3, 3
HIT, 288, 1001011010100100, 0110100110010111, 3, 3
HIT, 289, 0101101001100100, 1010100101100111, 3, 3
HIT, 290, 1010011010100100, 0110011010100111, 6, 6
HIT, 291, 0101101001100100, 1001100110101011, 4, 4
HIT, 292, 1010101010011000, 0110100101010111, 3, 3
HIT, 293, 0110100110100100, 1001011010011011, 5, 5
MISS, 18, 0101011010100100, 1001010101010111, 3, 1
HIT, 294, 1001011001011000, 0110100110011011, 3, 3
HIT, 295, 1010100110100100, 1010101010100111, 4, 4
HIT, 296, 0101011001100100, 1001101001101011, 3, 3
HIT, 297, 1001101010011000, 0101100110010111, 3, 3
HIT, 298, 1001100101010100, 0101100110100111, 3, 3
HIT, 299, 1001010110101000, 0101100110010111, 3, 3
HIT, 300, 1010101010010100, 0110011001100111, 2, 2
HIT, 301, 1001100101010100, 0101101010100111, 2, 2
HIT, 302, 0101010110011000, 0110010110010111, 4, 4
HIT, 303, 0110011001100100, 1001010101101011, 2, 2
HIT, 304, 0101011010011000, 0101100101010111, 3, 3
HIT, 305, 1001100101101000, 1010011010100111, 3, 3
HIT, 306, 1001100110010100, 0110011001101011, 5, 5
HIT, 307, 1010010101100100, 0101011010010111, 4, 4
HIT, 308, 1001011010101000, 1001010110010111, 3, 3
HIT, 309, 1001011010011000, 1010101010101011, 2, 2
HIT, 310, 0101101001010100, 1010100110100111, 4, 4
HIT, 311, 1001011010101000, 1001011001010111, 4, 4
HIT, 312, 0110101010100100, 0110101010101011, 6, 6
HIT, 313, 1001101001100100, 1010101010011011, 4, 4
HIT, 314, 0110101010010100, 1010100101010111, 5, 5
HIT, 315, 1010011001010100, 1001100110011011, 4, 4
HIT, 316, 1001010110010100, 0101101001011011, 3, 3
HIT, 317, 0101010101101000, 0101011010011011, 5, 5
HIT, 318, 1010101001101000, 0110010110010111, 2, 2
HIT, 319, 1010101010010100, 0101101001011011, 4, 4
HIT, 320, 1001010101011000, 0101100101101011, 3, 3
HIT, 321, 1001011001010100, 0110101010100111, 2, 2
HIT, 322, 0110101010011000, 1010100110100111, 5, 5
HIT, 323, 0101100110100100, 0101011001011011, 4, 4
HIT, 324, 1010011001100100, 1001011001100111, 5, 5
HIT, 325, 0101010110011000, 0110010110100111, 3, 3
HIT, 326, 0110011001011000, 1001010101101011, 3, 3
HIT, 327, 1010101010011000, 0110100110010111, 4, 4
HIT, 328, 0101011001011000, 0101100110011011, 4, 4
HIT, 329, 1001101001011000, 1001101010011011, 4, 4
HIT, 330, 1010010101010100, 1001101010101011, 2, 2
HIT, 331, 0110010101101000, 1001100110101011, 3, 3
HIT, 332, 0110010101010100, 1010010101010111, 6, 6
HIT, 333, 0110011001011000, 0110101001100111, 4, 4
HIT, 334, 0110101010010100, 1001010101100111, 3, 3
HIT, 335, 1001101010011000, 0110100110010111, 4, 4
HIT, 336, 1001010110101000, 0101101010010111, 5, 5
HIT, 337, 0101011001101000, 1001100101011011, 4, 4
HIT, 338, 0101010101100100, 1001100110101011, 3, 3
HIT, 339, 1001011001101000, 0101100101101011, 4, 4
HIT, 340, 0110011001010100, 1010101001011011, 3, 3
HIT, 341, 0101010101011000, 1001011001101011, 3, 3
HIT, 342, 1001101010100100, 1010100101010111, 4, 4
HIT, 343, 1001010101100100, 0110100101101011, 3, 3
HIT, 344, 1010100101101000, 0110100110100111, 3, 3
HIT, 345, 1010011010101000, 1010100110011011, 4, 4
HIT, 346, 1010100110011000, 1010010110011011, 4, 4
HIT, 347, 1010101010010100, 1001100110011011, 2, 2
HIT, 348, 1010010101100100, 0101100101010111, 4, 4
HIT, 349, 0101010110010100, 0101100101100111, 5, 5
HIT, 350, 1001010101101000, 1001100110100111, 3, 3
HIT, 351, 0110010110100100, 1010010101101011, 4, 4
HIT, 352, 0110100101101000, 0101010110101011, 4, 4
HIT, 353, 1001010101100100, 1001100110101011, 3, 3
HIT, 354, 1001010101011000, 1010101010011011, 2, 2
HIT, 355, 0101010110010100, 0101101010100111, 3, 3
MISS, 19, 1010100110100100, 1010010110101011, 3, 1
HIT, 356, 1010011010011000, 0110010110010111, 2, 2
HIT, 357, 0101010110101000, 1001011010011011, 4, 4
HIT, 358, 0101101001011000, 0101101001011011, 7, 7
HIT, 359, 1001101010010100, 1010100110010111, 4, 4
HIT, 360, 1001100110100100, 1001101001101011, 5, 5
HIT, 361, 0101011001100100, 0101100101101011, 4, 4
HIT, 362, 1010010110010100, 0110100101010111, 4, 4
HIT, 363, 0110100101010100, 0101101001010111, 6, 6
HIT, 364, 0101010101010100, 0101100101010111, 4, 4
HIT, 365, 0101011001100100, 1010011010100111, 3, 3
HIT, 366, 1010101010010100, 1001011010011011, 3, 3
HIT, 367, 1001011001011000, 1010010110011011, 5, 5
HIT, 368, 0110011010011000, 0110011010010111, 6, 6
HIT, 369, 0101011010100100, 0101101001101011, 4, 4
HIT, 370, 1001100110100100, 1010010110011011, 4, 4
HIT, 371, 0101010101100100, 0110011010101011, 3, 3
HIT, 372, 0101011010100100, 1001011010011011, 4, 4
HIT, 373, 1010100110100100, 1001101010101011, 4, 4
HIT, 374, 0110100110011000, 0110011010011011, 5, 5
HIT, 375, 1001100101101000, 1001011010101011, 5, 5
HIT, 376, 1010100110010100, 1001101001101011, 4, 4
HIT, 377, 0110011010011000, 0110100101010111, 4, 4
HIT, 378, 0110101001010100, 0110010101010111, 4, 4
HIT, 379, 1010101001101000, 0110010101011011, 2, 2
HIT, 380, 1001101001100100, 0101100110010111, 4, 4
HIT, 381, 1001101010101000, 0101100101101011, 3, 3
HIT, 382, 1001100110101000, 1010100101010111, 3, 3
HIT, 383, 0101011010010100, 1010010101101011, 5, 5
HIT, 384, 0101011010100100, 0101010101100111, 4, 4
HIT, 385, 0101010101100100, 1001010101011011, 6, 6
HIT, 386, 1010010101101000, 0101010101101011, 5, 5
HIT, 387, 0110101010100100, 1001101010101011, 6, 6
HIT, 388, 0110010110010100, 0110100101011011, 3, 3
HIT, 389, 0110010110011000, 1010101001100111, 3, 3
HIT, 390, 0101011001010100, 1010101001101011, 2, 2
HIT, 391, 1001010101100100, 0110100101010111, 5, 5
HIT, 392, 1010101010100100, 0110100110100111, 3, 3
HIT, 393, 1010010101011000, 0110010101010111, 5, 5
HIT, 394, 1010011001101000, 1001010101011011, 2, 2
HIT, 395, 0110010110101000, 1001010110010111, 4, 4
HIT, 396, 1001010110010100, 1001010110100111, 5, 5
HIT, 397, 1010101001100100, 0101011010011011, 4, 4
HIT, 398, 1001010101011000, 0101100101010111, 5, 5
HIT, 399, 0101100101010100, 1001100101100111, 4, 4
HIT, 400, 1010011010011000, 0101101010100111, 3, 3
HIT, 401, 0110101001101000, 1001101010100111, 4, 4
HIT, 402, 1001101001010100, 1010100101101011, 4, 4
HIT, 403, 1001010101100100, 1001010101101011, 6, 6
HIT, 404, 0101100101100100, 1010100110101011, 2, 2
HIT, 405, 0101010110100100, 0101101010011011, 4, 4
HIT, 406, 0110010110101000, 1001101010100111, 4, 4
HIT, 407, 1001011010101000, 0101011010010111, 4, 4
HIT, 408, 1010011010011000, 1010101001100111, 4, 4
HIT, 409, 1010010101101000, 1010010110100111, 4, 4
HIT, 410, 0101101010101000, 0110011001100111, 2, 2
HIT, 411, 1010010101010100, 1001010110011011, 4, 4
HIT, 412, 1010101010010100, 0110101010010111, 6, 6
HIT, 413, 0101101010011000, 1001010110011011, 3, 3
HIT, 414, 0101011010010100, 0101101010100111, 4, 4
HIT, 415, 1001011010101000, 1010010101101011, 4, 4
HIT, 416, 1010011001010100, 1001011001101011, 3, 3
HIT, 417, 0110100110100100, 1010011001101011, 4, 4
HIT, 418, 1001011010101000, 0110100101101011, 5, 5
HIT, 419, 0101011010101000, 1010100110100111, 3, 3
HIT, 420, 1010101010010100, 0110100101010111, 4, 4
HIT, 421, 1010101001101000, 0101100110101011, 4, 4
HIT, 422, 0101011001011000, 1001101010101011, 2, 2
HIT, 423, 0101100110100100, 1010011001101011, 5, 5
HIT, 424, 0101101010100100, 1001010101100111, 3, 3
HIT, 425, 1010101001101000, 0101010110011011, 3, 3
HIT, 426, 1001011001010100, 1010101001011011, 4, 4
HIT, 427, 1001010101010100, 0110101010010111, 3, 3
HIT, 428, 1001010101101000, 0101101010100111, 4, 4
MISS, 20, 1001101010010100, 1001010101100111, 3, 1
HIT, 429, 1010101001011000, 0101011010010111, 4, 4
HIT, 430, 1001010110011000, 0110011001101011, 4, 4
HIT, 431, 1001011001100100, 0110011010011011, 4, 4
HIT, 432, 0101101010100100, 0110011010010111, 3, 3
HIT, 433, 0101010101100100, 1001011001010111, 4, 4
HIT, 434, 1010100101010100, 1001010101101011, 5, 5
HIT, 435, 0101101010101000, 0110011001010111, 2, 2
HIT, 436, 0110011010011000, 0101010110010111, 3, 3
HIT, 437, 0101100101011000, 1001101010010111, 3, 3
HIT, 438, 1010101010100100, 0101101001100111, 3, 3
HIT, 439, 1010100101010100, 1010011001010111, 4, 4
HIT, 440, 0110010101100100, 1001010101010111, 4, 4
HIT, 441, 0101010110100100, 0110101010011011, 3, 3
HIT, 442, 1010010110100100, 1001100101101011, 5, 5
HIT, 443, 0110010101101000, 1001011010100111, 4, 4
HIT, 444, 1010010110100100, 1010010101010111, 4, 4
HIT, 445, 0101101001100100, 0110100110011011, 6, 6
HIT, 446, 1001100101011000, 0110101010100111, 2, 2
HIT, 447, 1001101001100100, 0101100110100111, 5, 5
HIT, 448, 1010010110011000, 1001101001010111, 4, 4
HIT, 449, 1010101010010100, 1010100110101011, 4, 4
HIT, 450, 1001101001011000, 1010010101101011, 4, 4
HIT, 451, 1010011001011000, 1001101001100111, 5, 5
HIT, 452, 1010010101011000, 1001101001010111, 5, 5
HIT, 453, 0110100110100100, 1001101001100111, 5, 5
HIT, 454, 1010101001011000, 1001100110100111, 3, 3
HIT, 455, 0101100101010100, 1001101010100111, 2, 2
HIT, 456, 1010101010101000, 1001101001011011, 2, 2
HIT, 457, 0110010101101000, 1001011001010111, 5, 5
HIT, 458, 1001100101101000, 0110101001101011, 3, 3
HIT, 459, 0101101001100100, 1010010110100111, 5, 5
HIT, 460, 0101100101011000, 0110010101010111, 5, 5
HIT, 461, 1001011001101000, 1001101001100111, 4, 4
HIT, 462, 0110010101010100, 0101010110100111, 4, 4
HIT, 463, 0101100101011000, 0101101001011011, 3, 3
HIT, 464, 1010101001100100, 0101010101100111, 3, 3
HIT, 465, 1001101010011000, 0101100110101011, 5, 5
HIT, 466, 0101101010100100, 0110100110011011, 3, 3
HIT, 467, 1001101001011000, 0101011010011011, 4, 4
HIT, 468, 1010101001101000, 0110101001010111, 4, 4
HIT, 469, 1010010110101000, 1010010110010111, 5, 5
HIT, 470, 1010100110101000, 0101101010011011, 5, 5
HIT, 471, 0110010110011000, 1010010101101011, 3, 3
HIT, 472, 0110100101011000, 0110011010011011, 4, 4
HIT, 473, 0101101010101000, 0101010101101011, 4, 4
HIT, 474, 0101011010100100, 1001010110101011, 6, 6
HIT, 475, 1010101010101000, 0101100101101011, 2, 2
HIT, 476, 1010010110100100, 1010101001100111, 3, 3
HIT, 477, 0110101010011000, 1001011010101011, 5, 5
HIT, 478, 1001101001010100, 1001011010101011, 3, 3
HIT, 479, 1001100101100100, 0110010101101011, 4, 4
HIT, 480, 1010101010101000, 1001101001101011, 2, 2
HIT, 481, 1010100110101000, 0110101010100111, 4, 4
HIT, 482, 0110010110100100, 0110010101100111, 4, 4
HIT, 483, 0110010101010100, 1001011001100111, 3, 3
HIT, 484, 0101101010101000, 1001100101011011, 3, 3
HIT, 485, 1001011010011000, 1001101010011011, 4, 4
HIT, 486, 0110101001010100, 1001101010101011, 4, 4
HIT, 487, 0101011010010100, 1001011010010111, 6, 6
HIT, 488, 1010101010100100, 1010101001010111, 5, 5
HIT, 489, 0110100110101000, 1001101001101011, 6, 6
HIT, 490, 1001101001101000, 0101101001011011, 4, 4
HIT, 491, 1010011001010100, 1001010101101011, 4, 4
HIT, 492, 1001100110100100, 0101010101011011, 2, 2
HIT, 493, 1001011001100100, 0110011001101011, 5, 5
HIT, 494, 0110101010010100, 0101010110011011, 2, 2
HIT, 495, 0110100110011000, 1010011010011011, 5, 5
HIT, 496, 0110010101100100, 1001010110011011, 6, 6
HIT, 497, 0101010110100100, 1010100101011011, 4, 4
HIT, 498, 1001011010011000, 0101010101101011, 4, 4
HIT, 499, 1001011001101000, 0101010101100111, 4, 4
HIT, 500, 1001101010010100, 0101100110010111, 3, 3
HIT, 501, 0101010110100100, 1001101001011011, 4, 4
HIT, 502, 1001010101011000, 1010100101101011, 3, 3
HIT, 503, 0110100101101000, 1010011010011011, 4, 4
HIT, 504, 0101100101011000, 1001100110101011, 3, 3
HIT, 505, 1010101010101000, 1010101010101011, 7, 7
HIT, 506, 0110011001101000, 1010100110011011, 5, 5
HIT, 507, 0101101010011000, 1010010101010111, 3, 3
HIT, 508, 1001100101100100, 0101100110101011, 4, 4
HIT, 509, 0110011010011000, 1001100110101011, 5, 5
HIT, 510, 1001100110101000, 0101011010100111, 4, 4
MISS, 21, 1010010101010100, 0101011010101011, 3, 1
HIT, 511, 1001011001101000, 0110010110100111, 4, 4
HIT, 512, 1001010101010100, 1001100110101011, 2, 2
HIT, 513, 0101011001100100, 0110010110101011, 3, 3
HIT, 514, 0110010101010100, 0110011010101011, 3, 3
HIT, 515, 0110100101101000, 0110011001101011, 3, 3
HIT, 516, 1001100101010100, 1010010101101011, 4, 4
HIT, 517, 1010100101100100, 1010100101101011, 6, 6
HIT, 518, 1010011001010100, 0110101010010111, 3, 3
HIT, 519, 1001100101010100, 1010010101100111, 4, 4
HIT, 520, 1001011010010100, 1010101010011011, 3, 3
MISS, 22, 1010100101010100, 0101100110010111, 3, 1
HIT, 521, 0101010110011000, 1010101010010111, 2, 2
HIT, 522, 1010100110010100, 1001100110100111, 4, 4
HIT, 523, 1001100101010100, 1001100110101011, 4, 4
HIT, 524, 1010010101010100, 0101101010011011, 3, 3
HIT, 525, 1001011010100100, 1001100110100111, 3, 3
HIT, 526, 0110100110010100, 0110010101011011, 4, 4
HIT, 527, 1010101001011000, 0110100101010111, 4, 4
HIT, 528, 1010010110100100, 1001011010101011, 5, 5
HIT, 529, 1001100110100100, 1010010101101011, 3, 3
HIT, 530, 0110011001010100, 0101100101010111, 5, 5
HIT, 531, 0101010110100100, 1010011010100111, 3, 3
HIT, 532, 1010101010100100, 1010100101101011, 4, 4
HIT, 533, 1010011001011000, 0110100110011011, 5, 5
HIT, 534, 0101101001010100, 0110101001011011, 4, 4
HIT, 535, 0101011001100100, 0110100110100111, 3, 3
HIT, 536, 1001101010100100, 0110010101011011, 2, 2
HIT, 537, 0110100101100100, 1001010110010111, 4, 4
HIT, 538, 0101101010100100, 0101100101100111, 3, 3
HIT, 539, 1001101001011000, 0110011001011011, 4, 4
HIT, 540, 1010011001011000, 1010100101100111, 4, 4
HIT, 541, 0110101001011000, 0101011001101011, 3, 3
HIT, 542, 1010101001011000, 1010101010010111, 6, 6
HIT, 543, 1010101010100100, 0110010101100111, 2, 2
HIT, 544, 1010010101010100, 0110101001011011, 4, 4
HIT, 545, 0101101010100100, 1010011001101011, 3, 3
HIT, 546, 1010101001100100, 0110011001011011, 4, 4
HIT, 547, 0110011001101000, 1001010110010111, 3, 3
HIT, 548, 0101011010100100, 1001100101100111, 3, 3
HIT, 549, 1010011001101000, 0110101010011011, 4, 4
HIT, 550, 0101011010101000, 0110100110101011, 4, 4
HIT, 551, 0110010101010100, 0101101001100111, 3, 3
HIT, 552, 1010101001100100, 1010011001101011, 5, 5
HIT, 553, 1001101010011000, 0110011010011011, 4, 4
HIT, 554, 1001010101100100, 0101101010100111, 3, 3
HIT, 555, 0110011010011000, 1010011001010111, 4, 4
HIT, 556, 1010011001100100, 1001010110101011, 2, 2
HIT, 557, 0101100110011000, 1001100101010111, 4, 4
HIT, 558, 1010011001010100, 0110010101101011, 5, 5
HIT, 559, 1001101010011000, 0101101001010111, 3, 3
HIT, 560, 1001010110010100, 1010101001011011, 3, 3
HIT, 561, 1010101010101000, 1001101001010111, 2, 2
MISS, 23, 1010101010010100, 1010011001101011, 3, 1
MISS, 24, 0101010110100100, 1010010110010111, 3, 1
HIT, 562, 1001101010101000, 1010101001100111, 4, 4
HIT, 563, 1001100101101000, 0110101010011011, 3, 3
HIT, 564, 1010011010100100, 0101010110010111, 2, 2
HIT, 565, 1010011001011000, 1001100110011011, 4, 4
HIT, 566, 0101100110100100, 1001010101010111, 2, 2
HIT, 567, 0110011010100100, 0101011001100111, 4, 4
HIT, 568, 0101011010100100, 1010011001101011, 3, 3
HIT, 569, 1010101001011000, 1010101010011011, 5, 5
HIT, 570, 1001100101010100, 1010101001010111, 4, 4
HIT, 571, 0101010101011000, 0101101001010111, 3, 3
HIT, 572, 1001011001010100, 1010010110010111, 6, 6
HIT, 573, 0110011010100100, 1001011010101011, 4, 4
MISS, 25, 1001011010011000, 1001100101011011, 3, 1
HIT, 574, 0101010101010100, 1001101001011011, 2, 2
MISS, 26, 0110011010100100, 0101101001100111, 3, 1
HIT, 575, 0101101001101000, 0101011010010111, 5, 5
HIT, 576, 0110011001011000, 0110100101010111, 3, 3
MISS, 27, 1001010110010100, 1001101010011011, 2, 0
HIT, 577, 1001101001011000, 0110011010100111, 4, 4
MISS, 28, 0110101001100100, 1001011001101011, 3, 1
HIT, 578, 1001010101011000, 0101011010101011, 4, 4
HIT, 579, 0110101010100100, 1010011001011011, 3, 3
HIT, 580, 0110101010010100, 1010101001011011, 6, 6
HIT, 581, 0110011010100100, 0110101001011011, 5, 5
HIT, 582, 1010011010010100, 1010011010010111, 7, 7
HIT, 583, 0101100101010100, 1001011001100111, 4, 4
HIT, 584, 0110100101100100, 0101101001010111, 5, 5
HIT, 585, 0110101001100100, 1001101010101011, 4, 4
HIT, 586, 1001101001011000, 0101101001011011, 6, 6
HIT, 587, 1001011010100100, 0110101001101011, 5, 5
HIT, 588, 1001100110100100, 1010100101100111, 3, 3
HIT, 589, 1001100101100100, 1010100110100111, 3, 3
HIT, 590, 1010101001010100, 1001011001011011, 3, 3
HIT, 591, 0110100110011000, 1010010110010111, 3, 3
HIT, 592, 1001011010100100, 1001101001010111, 3, 3
MISS, 29, 1010010110010100, 0101011010100111, 3, 1
HIT, 593, 0101101001101000, 0110011001010111, 3, 3
HIT, 594, 1010101001011000, 0110101010100111, 5, 5
HIT, 595, 1001100110101000, 0110100101011011, 3, 3
HIT, 596, 0101011010101000, 0101100110100111, 3, 3
HIT, 597, 1001100101100100, 1001100110101011, 4, 4
HIT, 598, 1010010101010100, 0101100101101011, 3, 3
HIT, 599, 1010011010010100, 0110010101101011, 3, 3
HIT, 600, 0101010101010100, 1001101010101011, 1, 1
HIT, 601, 0101100110100100, 1001101010100111, 4, 4
HIT, 602, 1001010101010100, 0110100110100111, 2, 2
HIT, 603, 0110011010101000, 1010010101101011, 3, 3
MISS, 30, 0101011010011000, 1001011001101011, 3, 1
HIT, 604, 0101010110100100, 1001011001101011, 3, 3
HIT, 605, 0101100101010100, 1010010101101011, 4, 4
HIT, 606, 1010010110011000, 1001100110100111, 4, 4
HIT, 607, 1001101010010100, 1010100101011011, 5, 5
HIT, 608, 0101100110101000, 0101011010101011, 4, 4
HIT, 609, 0110101010101000, 0101101010011011, 4, 4
HIT, 610, 1010101001010100, 0101101001100111, 3, 3
HIT, 611, 1001100110010100, 0101010110010111, 4, 4
HIT, 612, 1010101010011000, 0101010110011011, 3, 3
HIT, 613, 1001011010100100, 0101010101011011, 3, 3
MISS, 31, 1010101010101000, 1001011010100111, 3, 1
HIT, 614, 0110100101011000, 1001010101100111, 4, 4
HIT, 615, 0101011010101000, 0110100101100111, 3, 3
MISS, 32, 1001100101010100, 1010100101100111, 3, 1
HIT, 616, 1010100110011000, 1010101010010111, 4, 4
HIT, 617, 0101101001010100, 1010010101101011, 5, 5
HIT, 618, 1010010101101000, 1010101010100111, 3, 3
HIT, 619, 1010011010010100, 0110100101100111, 5, 5
HIT, 620, 1010011001011000, 1010010101101011, 3, 3
HIT, 621, 0110101001011000, 0110010101011011, 3, 3
HIT, 622, 1001010101100100, 1001101001010111, 4, 4
HIT, 623, 0110101010010100, 1010010110011011, 4, 4
HIT, 624, 1001011010101000, 0101101010010111, 5, 5
HIT, 625, 1010100101100100, 1010101001011011, 6, 6
HIT, 626, 0101011010010100, 0110010110101011, 4, 4
MISS, 33, 0110010110010100, 0101010101101011, 3, 1
MISS, 34, 0110101010011000, 1001011001101011, 3, 1
MISS, 35, 0101101001101000, 0110011001100111, 3, 1
HIT, 627, 0101100110101000, 0101101001100111, 3, 3
MISS, 36, 1001100110011000, 1010100110100111, 3, 1
HIT, 628, 1001100101100100, 1001100101011011, 5, 5
HIT, 629, 0110011010101000, 0110101001101011, 4, 4
HIT, 630, 1001100101100100, 1010100101010111, 3, 3
HIT, 631, 0101011001011000, 1010100110100111, 2, 2
HIT, 632, 1010010101100100, 1010011010011011, 3, 3
HIT, 633, 0110100110101000, 1010100110100111, 5, 5
HIT, 634, 0110010101010100, 1001100110010111, 4, 4
HIT, 635, 0101010101100100, 1010011001100111, 3, 3
HIT, 636, 0110010110100100, 0101010110011011, 3, 3
HIT, 637, 0101010110100100, 0101010110100111, 7, 7
HIT, 638, 0110011010010100, 0101101001011011, 5, 5
HIT, 639, 0110101010010100, 0110011001101011, 3, 3
HIT, 640, 1001100110011000, 1001011010011011, 3, 3
HIT, 641, 0110011001100100, 1001011001100111, 5, 5
MISS, 37, 0101100110010100, 0101010110101011, 3, 1
MISS, 38, 0110010110101000, 1001100110011011, 3, 1
HIT, 642, 0110011001100100, 0101100101101011, 3, 3
HIT, 643, 1010011010010100, 0110101001101011, 5, 5
HIT, 644, 1001010110010100, 0110010101010111, 4, 4
MISS, 39, 0110011001100100, 1010100110100111, 3, 1
HIT, 645, 0110100101100100, 1001101001100111, 4, 4
HIT, 646, 1010101010100100, 1010101001100111, 5, 5
MISS, 40, 1001011010011000, 1001100110011011, 3, 1
HIT, 647, 1010010110010100, 0110011010100111, 3, 3
HIT, 648, 0101010110101000, 0101010101100111, 5, 5
HIT, 649, 0110100110101000, 1001101010100111, 5, 5
HIT, 650, 1001010110011000, 0101011001101011, 6, 6
HIT, 651, 0101011010100100, 0110100110010111, 3, 3
HIT, 652, 0110011010011000, 0110011010011011, 7, 7
HIT, 653, 1001011001101000, 0101100110100111, 6, 6
HIT, 654, 0101100101011000, 1010101010010111, 3, 3
HIT, 655, 0110011010010100, 1010010110010111, 4, 4
HIT, 656, 0101011010101000, 1001010101011011, 4, 4
HIT, 657, 1010010101100100, 1010011010010111, 4, 4
HIT, 658, 1001011010010100, 0101100101011011, 3, 3
HIT, 659, 1010011001011000, 0101011010100111, 3, 3
MISS, 41, 0110011001101000, 1010100101101011, 3, 1
HIT, 660, 0110101010100100, 0110010110010111, 2, 2
HIT, 661, 0110101010010100, 1001101001100111, 3, 3
HIT, 662, 0101101001101000, 0101011001101011, 4, 4
HIT, 663, 1001010110100100, 1001011001101011, 3, 3
HIT, 664, 1001011010101000, 0101101001010111, 4, 4
HIT, 665, 0110010110011000, 1010101001100111, 3, 3
HIT, 666, 0101101001011000, 1010011010011011, 4, 4
HIT, 667, 1001100110011000, 0101101010011011, 3, 3
HIT, 668, 1010100110011000, 0101101010011011, 5, 5
HIT, 669, 1001101001100100, 0101100101101011, 3, 3
HIT, 670, 0101101001010100, 1001100101101011, 4, 4
HIT, 671, 1001100101100100, 0110011001011011, 6, 6
HIT, 672, 1001011010011000, 0101011010101011, 4, 4
HIT, 673, 0110010101100100, 1001010110100111, 5, 5
HIT, 674, 1001100101100100, 0110011010010111, 3, 3
HIT, 675, 0110010110101000, 0101101001010111, 4, 4
HIT, 676, 0110100101011000, 0101010110010111, 4, 4
HIT, 677, 1010010101011000, 1001101010101011, 2, 2
HIT, 678, 0110010110100100, 0101011001010111, 4, 4
HIT, 679, 1001101010010100, 1010010101101011, 4, 4
HIT, 680, 0101011001101000, 1010100110101011, 4, 4
HIT, 681, 1010011001100100, 0110101001100111, 5, 5
HIT, 682, 0110100110101000, 1001100110011011, 3, 3
HIT, 683, 1001011010101000, 1001101010011011, 4, 4
HIT, 684, 0110100101100100, 1001010101101011, 3, 3
HIT, 685, 1001101010100100, 1001011010101011, 5, 5
HIT, 686, 0101010110101000, 1001011001100111, 3, 3
HIT, 687, 1010011010101000, 0110101010010111, 5, 5
HIT, 688, 1010101010100100, 0101011001101011, 2, 2
HIT, 689, 1010100101101000, 0110011010100111, 4, 4
HIT, 690, 1001100110100100, 1001100101101011, 4, 4
HIT, 691, 1010011001010100, 1001101001011011, 3, 3
HIT, 692, 0110100101010100, 0101010110100111, 4, 4
HIT, 693, 1001011010101000, 1010101001100111, 4, 4
HIT, 694, 1001010110011000, 1010010110011011, 5, 5
HIT, 695, 1010100110010100, 1010100101100111, 4, 4
HIT, 696, 1010100110100100, 0101101001010111, 4, 4
HIT, 697, 1010011001101000, 0110100110100111, 4, 4
HIT, 698, 1010101010010100, 1001101010100111, 5, 5
HIT, 699, 0101101010100100, 0110011001010111, 2, 2
HIT, 700, 0110011010100100, 1010011001010111, 3, 3
HIT, 701, 0110010101011000, 1010101001100111, 3, 3
HIT, 702, 0101101010010100, 1010011010101011, 4, 4
HIT, 703, 1001011010010100, 0101011010100111, 4, 4
HIT, 704, 1001101001101000, 1001011010010111, 4, 4
HIT, 705, 1001100101100100, 1010101010010111, 3, 3
MISS, 42, 0110101010100100, 0110011010011011, 3, 1
HIT, 706, 0110100101010100, 1010101001011011, 4, 4
HIT, 707, 0101100101010100, 1010100110010111, 4, 4
HIT, 708, 1001100101011000, 1001010101010111, 4, 4
HIT, 709, 0110100110100100, 0110101001010111, 3, 3
HIT, 710, 1010010101010100, 1010011010011011, 3, 3
HIT, 711, 1001101010011000, 0110101010100111, 4, 4
HIT, 712, 0101011001100100, 1001100101011011, 4, 4
HIT, 713, 0110101001010100, 0101010110010111, 3, 3
HIT, 714, 0110010101101000, 1001011010010111, 4, 4
HIT, 715, 1001100101010100, 1010010101010111, 5, 5
HIT, 716, 1010100101010100, 0110101010100111, 4, 4
HIT, 717, 1001011001101000, 0101011001010111, 4, 4
HIT, 718, 0110101001010100, 0110100110101011, 4, 4
HIT, 719, 0101101010011000, 0101101001010111, 4, 4
HIT, 720, 0110100101100100, 1010010110100111, 5, 5
HIT, 721, 1010010110011000, 1001100110100111, 4, 4
HIT, 722, 1010011001010100, 0110101001010111, 4, 4
HIT, 723, 1010100110101000, 0110011010010111, 4, 4
HIT, 724, 0101101010101000, 1001010110010111, 3, 3
HIT, 725, 0110010110100100, 1010011001010111, 4, 4
HIT, 726, 0110100110100100, 1010011001101011, 4, 4
HIT, 727, 1001011010101000, 0110101010010111, 5, 5
HIT, 728, 0101101010011000, 1001011010100111, 6, 6
MISS, 43, 1001011010100100, 0101011001101011, 3, 1
HIT, 729, 0101101001101000, 0101010101010111, 2, 2
HIT, 730, 1010100110010100, 0110101010100111, 4, 4
HIT, 731, 1001010101011000, 0110100101010111, 5, 5
HIT, 732, 0101010101011000, 0110100101100111, 3, 3
HIT, 733, 1010100101101000, 0110101001011011, 6, 6
HIT, 734, 0101011001011000, 1001100101011011, 4, 4
HIT, 735, 0101010101101000, 1001011010101011, 4, 4
HIT, 736, 1010100110101000, 1001100101010111, 3, 3
HIT, 737, 1001010110011000, 1001010101010111, 4, 4
HIT, 738, 0101100110100100, 1010100101100111, 4, 4
HIT, 739, 1001010101100100, 0101011010100111, 4, 4
HIT, 740, 0101011010101000, 1010011001101011, 3, 3
HIT, 741, 0110011001100100, 0110100110011011, 5, 5
HIT, 742, 0110101010011000, 1010011010010111, 4, 4
HIT, 743, 0101011001011000, 1010101001011011, 4, 4
MISS, 44, 0101101010010100, 1010011010011011, 3, 1
HIT, 744, 1010010101011000, 1001010101100111, 6, 6
HIT, 745, 0101101010100100, 1001101010011011, 4, 4
HIT, 746, 1001100101010100, 1001100110100111, 4, 4
HIT, 747, 1001100110101000, 1010010101101011, 3, 3
HIT, 748, 1010100110010100, 0110010101011011, 4, 4
HIT, 749, 0110010110101000, 1001011010100111, 6, 6
HIT, 750, 0110100110011000, 1001100110100111, 5, 5
HIT, 751, 1010011010100100, 0110101010101011, 4, 4
HIT, 752, 0101100110010100, 0110101001010111, 3, 3
HIT, 753, 1010010110011000, 0101010101101011, 3, 3
HIT, 754, 1010011010011000, 0110010110100111, 4, 4
HIT, 755, 1010010110100100, 1001011010100111, 5, 5
HIT, 756, 0110010110101000, 0110011001010111, 4, 4
HIT, 757, 1010101010011000, 0101100110011011, 3, 3
HIT, 758, 0110011001100100, 1001011010101011, 2, 2
HIT, 759, 1010101010100100, 1010100110100111, 4, 4
HIT, 760, 0110010101100100, 0110011001011011, 4, 4
HIT, 761, 0101010110100100, 0110101010100111, 3, 3
HIT, 762, 0101100101010100, 1001010110010111, 5, 5
HIT, 763, 0101101001011000, 0101101010100111, 4, 4
HIT, 764, 0101011001010100, 1010101001011011, 3, 3
HIT, 765, 0101010110011000, 1010101001010111, 3, 3
HIT, 766, 1010010110011000, 1001010101100111, 4, 4
HIT, 767, 0110101001010100, 1010010110011011, 4, 4
MISS, 45, 0101010101010100, 1001011001101011, 2, 1
HIT, 768, 1001011010010100, 1001010101101011, 4, 4
HIT, 769, 0110100110100100, 1010101001010111, 3, 3
HIT, 770, 0101101010011000, 0110011001101011, 3, 3
HIT, 771, 1001100101101000, 0101101010100111, 4, 4
HIT, 772, 1001100101011000, 1010100110010111, 5, 5
HIT, 773, 0101101001011000, 0101101010010111, 4, 4
HIT, 774, 0101101010100100, 1010010101011011, 3, 3
HIT, 775, 0110010101011000, 0101101010100111, 3, 3
HIT, 776, 1010101010010100, 1001011001100111, 3, 3
HIT, 777, 0101011010101000, 1010011010100111, 4, 4
HIT, 778, 0110101010010100, 0101010110011011, 2, 2
HIT, 779, 1001100110101000, 1010010110100111, 3, 3
MISS, 46, 1001010101010100, 1001100110010111, 3, 1
HIT, 780, 0101100110011000, 1001010110010111, 4, 4
HIT, 781, 1001011010100100, 0101100101100111, 4, 4
HIT, 782, 0101010110010100, 0110010101101011, 4, 4
HIT, 783, 1010011010100100, 1010101001101011, 5, 5
HIT, 784, 1001101001100100, 1010101010100111, 3, 3
HIT, 785, 0110101010010100, 1010101001100111, 5, 5
HIT, 786, 0101011001010100, 0110100101010111, 4, 4
HIT, 787, 1001100101010100, 1010100101010111, 5, 5
HIT, 788, 0110011001101000, 1010101010011011, 3, 3
HIT, 789, 0101010101011000, 0101101010011011, 3, 3
HIT, 790, 1010101001100100, 1010010101011011, 3, 3
HIT, 791, 0101011001010100, 0110010101011011, 5, 5
HIT, 792, 0110010110100100, 0110100101010111, 4, 4
HIT, 793, 1001011001100100, 0101101001101011, 3, 3
MISS, 47, 1010101010010100, 0101010110101011, 3, 1
HIT, 794, 1001100101101000, 0101101001101011, 4, 4
HIT, 795, 0110100110011000, 1010011010100111, 4, 4
HIT, 796, 0101101010011000, 1010010110100111, 4, 4
HIT, 797, 0101010110010100, 1001011010100111, 3, 3
HIT, 798, 0101100110010100, 1010101010101011, 1, 1
HIT, 799, 0110010101101000, 1001010110010111, 5, 5
HIT, 800, 1001011001011000, 0110011001010111, 4, 4
HIT, 801, 0110101001010100, 1001101001101011, 3, 3
HIT, 802, 0101101001101000, 0110100110011011, 5, 5
HIT, 803, 1010011001100100, 0101010110100111, 3, 3
HIT, 804, 1010101001101000, 0101010110011011, 3, 3
HIT, 805, 0101100101100100, 0110011010010111, 3, 3
HIT, 806, 0110011001010100, 0110100101100111, 3, 3
HIT, 807, 1010010110101000, 0101100101010111, 3, 3
HIT, 808, 1010100110011000, 1010011010010111, 4, 4
HIT, 809, 1001010110100100, 0110011010011011, 4, 4
HIT, 810, 1001100101011000, 0110011010100111, 3, 3
HIT, 811, 0110010110011000, 0101010101101011, 3, 3
HIT, 812, 1010100101101000, 1010100110100111, 4, 4
HIT, 813, 0110101001010100, 1001100101101011, 3, 3
HIT, 814, 0101100110101000, 0101101001010111, 3, 3
HIT, 815, 1010100110010100, 1010101010011011, 5, 5
HIT, 816, 1001010101010100, 0101101010101011, 2, 2
HIT, 817, 0110011001101000, 1010101010011011, 3, 3
HIT, 818, 1001101010011000, 1001100110011011, 3, 3
HIT, 819, 1001010101010100, 1010010101101011, 4, 4
HIT, 820, 0101011001100100, 1010101010011011, 3, 3
HIT, 821, 0101100110100100, 1001011001100111, 5, 5
HIT, 822, 0101100110010100, 1001010110101011, 3, 3
HIT, 823, 0101100110011000, 1001011001100111, 6, 6
HIT, 824, 0110101001101000, 0110101010011011, 5, 5
HIT, 825, 0110011001100100, 0101010101011011, 2, 2
HIT, 826, 0101101001101000, 1010100110010111, 4, 4
MISS, 48, 0101101010011000, 0110011001011011, 3, 1
HIT, 827, 0110010110101000, 0110010110100111, 6, 6
HIT, 828, 1010011010010100, 1010100101101011, 4, 4
HIT, 829, 0101010101101000, 1010010110011011, 3, 3
MISS, 49, 1010100101010100, 0110101010101011, 3, 1
MISS, 50, 0101100101101000, 1010011010100111, 3, 1
HIT, 830, 0110011001100100, 0110101001010111, 2, 2
HIT, 831, 1001101001101000, 0101101001010111, 4, 4
HIT, 832, 1010101010010100, 1010010110011011, 4, 4
HIT, 833, 0110010110101000, 1001011001101011, 4, 4
HIT, 834, 1010101001100100, 1010010101100111, 3, 3
HIT, 835, 0101010110011000, 0110011001101011, 4, 4
HIT, 836, 1010101010100100, 1010011010101011, 4, 4
HIT, 837, 1001010101100100, 0101010110011011, 6, 6
HIT, 838, 1010100101011000, 1001100110101011, 3, 3
HIT, 839, 1001011010100100, 0110010101011011, 3, 3
HIT, 840, 0110101001010100, 1010101001010111, 6, 6
HIT, 841, 0110100110100100, 1010100110010111, 4, 4
HIT, 842, 0110100110011000, 1010011001010111, 5, 5
HIT, 843, 1001011001100100, 1001100110011011, 5, 5
HIT, 844, 0101010101100100, 0110010110011011, 4, 4
HIT, 845, 1010011001010100, 1010010110010111, 4, 4
HIT, 846, 0110011010100100, 1001011010011011, 3, 3
HIT, 847, 1010011001101000, 0110101001010111, 3, 3
HIT, 848, 0101101010101000, 0110100101010111, 3, 3
HIT, 849, 1010011001101000, 1001101010101011, 4, 4
HIT, 850, 1010100101101000, 1001011001101011, 4, 4
HIT, 851, 1010100110101000, 1010101001011011, 4, 4
HIT, 852, 1010011001100100, 1001010110100111, 3, 3
HIT, 853, 1001101010010100, 0101100101101011, 3, 3
HIT, 854, 0110011010010100, 1001010110101011, 3, 3
HIT, 855, 0110010101010100, 0110011010101011, 3, 3
HIT, 856, 0101010110010100, 1010011010100111, 2, 2
HIT, 857, 1001011010101000, 1010101001010111, 4, 4
HIT, 858, 1010010101011000, 1001011010100111, 3, 3
HIT, 859, 0101011010010100, 0101011001010111, 4, 4
HIT, 860, 0110100101010100, 0110101001101011, 3, 3
HIT, 861, 1010101001011000, 1001101010011011, 4, 4
HIT, 862, 1001011001101000, 0110101001011011, 4, 4
MISS, 51, 0110010110100100, 0110101001101011, 3, 1
HIT, 863, 0110011001011000, 0110010101010111, 4, 4
HIT, 864, 0101101001100100, 0101011001101011, 3, 3
HIT, 865, 1001100101011000, 0110100110100111, 3, 3
MISS, 52, 1001100101100100, 1001010101010111, 3, 1
HIT, 866, 0101011001011000, 0110011010100111, 3, 3
HIT, 867, 0101010110010100, 1001100101010111, 4, 4
HIT, 868, 0110011001100100, 0110010101100111, 3, 3
HIT, 869, 0101010101010100, 1001100110011011, 1, 1
HIT, 870, 1001100101100100, 1010011010011011, 3, 3
HIT, 871, 0101010110010100, 0110100101010111, 4, 4
HIT, 872, 1001100110100100, 0110101001011011, 3, 3
HIT, 873, 0110011001010100, 1010011010010111, 3, 3
HIT, 874, 0110101010010100, 1001010101100111, 3, 3
MISS, 53, 1010011001100100, 1001101010100111, 3, 1
HIT, 875, 0101100101011000, 1001100110100111, 3, 3
HIT, 876, 0110010110011000, 1010010110010111, 5, 5
HIT, 877, 0110101001010100, 0110011001101011, 3, 3
HIT, 878, 1010010101101000, 0101010110011011, 4, 4
HIT, 879, 0110010101100100, 0101101010100111, 3, 3
HIT, 880, 0110100101101000, 0110100101011011, 5, 5
HIT, 881, 1001101010101000, 1001010101010111, 2, 2
HIT, 882, 1010100101101000, 1010011001011011, 4, 4
HIT, 883, 0110101010101000, 1001011001010111, 2, 2
HIT, 884, 1001100101101000, 0101011001010111, 4, 4
HIT, 885, 1001101001010100, 0101010110101011, 3, 3
HIT, 886, 1001100101101000, 0110101001011011, 4, 4
HIT, 887, 1001010110101000, 1010100101101011, 4, 4
HIT, 888, 0101100110100100, 1001101001101011, 5, 5
MISS, 54, 0101010110100100, 0101100110010111, 3, 1
HIT, 889, 1010011010100100, 0101101010100111, 4, 4
HIT, 890, 1001100101011000, 0110101010010111, 3, 3
HIT, 891, 1001101001010100, 1001101001101011, 5, 5
HIT, 892, 0101010101100100, 0101101001011011, 3, 3
HIT, 893, 0101011001100100, 1001101010100111, 3, 3
HIT, 894, 1001011010010100, 0101101010011011, 4, 4
HIT, 895, 0101010101011000, 0101011001010111, 4, 4
HIT, 896, 0110101010101000, 1001010110100111, 3, 3
HIT, 897, 1001011010101000, 1010010101010111, 3, 3
HIT, 898, 0110101001011000, 0101010110010111, 3, 3
HIT, 899, 1010100110011000, 1010010101011011, 3, 3
HIT, 900, 0101011010100100, 1010010101010111, 3, 3
HIT, 901, 1001011010100100, 1010101001101011, 4, 4
HIT, 902, 0110101001100100, 0110010101101011, 3, 3
HIT, 903, 1010101010010100, 1001101001010111, 4, 4
HIT, 904, 1001011010101000, 1001010110011011, 3, 3
HIT, 905, 0101010110101000, 1001100110100111, 3, 3
HIT, 906, 1001010101010100, 0101101001101011, 2, 2
MISS, 55, 1001010101011000, 0101100101100111, 3, 1
HIT, 907, 0101101001011000, 1010011001010111, 3, 3
HIT, 908, 0110100110101000, 1001010101011011, 2, 2
HIT, 909, 1010011001101000, 0110100110101011, 4, 4
HIT, 910, 1010100110011000, 1001010110010111, 3, 3
HIT, 911, 1010010101101000, 0110101001100111, 3, 3
HIT, 912, 1010011001101000, 0101100101100111, 3, 3
HIT, 913, 1001011001100100, 1001010101010111, 3, 3
HIT, 914, 1010100110101000, 0110100110011011, 4, 4
HIT, 915, 1010101010010100, 0101011001100111, 2, 2
HIT, 916, 1010011010100100, 1001010101100111, 2, 2
HIT, 917, 1010010110100100, 0101011010010111, 5, 5
HIT, 918, 1001010101101000, 1010010101101011, 5, 5
HIT, 919, 0101010101100100, 1001011001101011, 4, 4
HIT, 920, 1010010110011000, 1010011001101011, 4, 4
HIT, 921, 1010011010101000, 0110100110011011, 4, 4
HIT, 922, 0110100101011000, 1010010110010111, 4, 4
HIT, 923, 0101010101101000, 0101101010010111, 4, 4
HIT, 924, 1001010101101000, 1001101010100111, 3, 3
HIT, 925, 1001100110100100, 0101010101010111, 1, 1
HIT, 926, 0110010110101000, 1010101001100111, 3, 3
HIT, 927, 1010101010011000, 0110100110100111, 4, 4
HIT, 928, 1001100101011000, 0101011010010111, 4, 4
HIT, 929, 0101101001100100, 1010101001010111, 3, 3
HIT, 930, 0110100110101000, 0101010101011011, 2, 2
HIT, 931, 0110011010101000, 0110101001011011, 4, 4
HIT, 932, 0101101001010100, 0101101010010111, 4, 4
HIT, 933, 1001011010011000, 0110011001011011, 4, 4
HIT, 934, 1001100101101000, 1001011001101011, 4, 4
HIT, 935, 0110011010011000, 1001101001100111, 6, 6
HIT, 936, 1001101010100100, 0101011001101011, 4, 4
HIT, 937, 1010101010010100, 1010101001101011, 5, 5
HIT, 938, 1001100101010100, 1010100101100111, 3, 3
HIT, 939, 1010101010101000, 1010101001011011, 4, 4
HIT, 940, 0110010101101000, 0110010101101011, 7, 7
HIT, 941, 0101011001100100, 0110010101101011, 4, 4
HIT, 942, 0110010110101000, 0101101010011011, 5, 5
HIT, 943, 0101011001100100, 1010011010101011, 3, 3
HIT, 944, 0101100101011000, 0110011010100111, 3, 3
HIT, 945, 0110100110011000, 1010011010010111, 4, 4