outcome, test-no., X, Y, expected-LCS, found-LCS
HIT, 1, 0110010101101000, 1001010101101011, 5, 5
HIT, 2, 1001010110011000, 0101010101011011, 4, 4
HIT, 3, 0110101001100100, 0110010101100111, 3, 3
HIT, 4, 0101011010100100, 1001011001100111, 3, 3
HIT, 5, 0101101001101000, 1001011001100111, 3, 3
HIT, 6, 0110101010101000, 0101011010011011, 3, 3
HIT, 7, 0101010101101000, 0101101010100111, 4, 4
HIT, 8, 0110101010101000, 1001100110100111, 3, 3
HIT, 9, 1001100101011000, 1001100101011011, 7, 7
HIT, 10, 0101010110100100, 1001100110011011, 2, 2
HIT, 11, 0101011001100100, 0110101001010111, 3, 3
HIT, 12, 1010010110101000, 0101011001101011, 3, 3
HIT, 13, 1010011001011000, 1001010101101011, 3, 3
HIT, 14, 0101100101101000, 1001010110100111, 4, 4
HIT, 15, 0101010110100100, 0110100110011011, 4, 4
HIT, 16, 0101100101100100, 0110101001010111, 3, 3
HIT, 17, 0110010110011000, 0110101001010111, 3, 3
HIT, 18, 0101100101010100, 0101010110010111, 5, 5
HIT, 19, 0101100101100100, 1001101001100111, 3, 3
HIT, 20, 1010010110100100, 1001100110011011, 2, 2
HIT, 21, 0110011010100100, 0101010110010111, 3, 3
HIT, 22, 0101010101010100, 1010010110010111, 2, 2
HIT, 23, 1001010101011000, 0101010101011011, 6, 6
HIT, 24, 0110011001101000, 1010011001010111, 4, 4
HIT, 25, 0101011010010100, 0101011010010111, 7, 7
HIT, 26, 0101010101011000, 1001011001101011, 3, 3
HIT, 27, 1010100110100100, 0110101010101011, 3, 3
HIT, 28, 0110011001011000, 0110101001010111, 3, 3
HIT, 29, 1001100110011000, 1010011001010111, 4, 4
HIT, 30, 1001011001011000, 0101011010101011, 3, 3
HIT, 31, 0101011001010100, 1010101001100111, 3, 3
HIT, 32, 0110010110011000, 0101010101011011, 3, 3
HIT, 33, 0110101010101000, 1010010110011011, 2, 2
HIT, 34, 0101011010100100, 0101011001101011, 4, 4
MISS, 35, 0110011001101000, 1001101010100111, 4, 3
HIT, 36, 0101101010010100, 1001011001101011, 3, 3
HIT, 37, 1010101001100100, 1001101010101011, 4, 4
HIT, 38, 1010011010100100, 0101100110011011, 3, 3
HIT, 39, 0101011001011000, 1001101010101011, 2, 2
HIT, 40, 0101100101011000, 0101011010011011, 4, 4
HIT, 41, 0101100110100100, 0110011010011011, 6, 6
HIT, 42, 0101101001010100, 0101101001101011, 5, 5
HIT, 43, 0110010110010100, 1010011010011011, 2, 2
HIT, 44, 1001101010100100, 0110100110100111, 4, 4
HIT, 45, 1010101010011000, 1001011001100111, 3, 3
HIT, 46, 0110101001101000, 0110101001011011, 5, 5
HIT, 47, 1010101001010100, 0110010110011011, 3, 3
HIT, 48, 1010101001011000, 0110100101101011, 5, 5
MISS, 49, 1001011010100100, 1010011001100111, 3, 2
HIT, 50, 0110011010010100, 1010101001011011, 4, 4
HIT, 51, 1010101001010100, 1010100101010111, 6, 6
HIT, 52, 0110011010100100, 0101010101011011, 2, 2
HIT, 53, 1001011001010100, 1010011010100111, 2, 2
HIT, 54, 1001101001010100, 0110101010010111, 4, 4
HIT, 55, 1001101010101000, 1010100110011011, 3, 3
HIT, 56, 1010101010010100, 1001101001100111, 3, 3
HIT, 57, 0101011010101000, 1001010101101011, 5, 5
HIT, 58, 1001101001100100, 1001010110011011, 3, 3
HIT, 59, 1010100101011000, 1010100101011011, 7, 7
HIT, 60, 0110100110010100, 0101101001010111, 4, 4
HIT, 61, 1001101001100100, 0101101001100111, 6, 6
MISS, 62, 0110010110101000, 0110101010101011, 4, 3
HIT, 63, 1010011010101000, 1010100101011011, 3, 3
HIT, 64, 1010011001011000, 1001101010011011, 4, 4
HIT, 65, 0110101010101000, 1010011010100111, 4, 4
HIT, 66, 1010011010010100, 1010010101010111, 4, 4
HIT, 67, 1001100101101000, 1010101001011011, 4, 4
HIT, 68, 0110101001011000, 1001010101101011, 3, 3
HIT, 69, 0101100110100100, 0101101010101011, 3, 3
HIT, 70, 1010011001100100, 1001011001011011, 3, 3
HIT, 71, 0110010110100100, 1001100110011011, 3, 3
HIT, 72, 0110100101101000, 1010100110011011, 3, 3
HIT, 73, 1001101001011000, 0110011001101011, 4, 4
MISS, 74, 0101011010101000, 0110011010010111, 3, 2
HIT, 75, 1001010101011000, 0110101001100111, 2, 2
HIT, 76, 0110011010101000, 0110100101011011, 3, 3
MISS, 77, 0110101001100100, 1001100101101011, 4, 3
HIT, 78, 0110100110100100, 1010010101101011, 3, 3
HIT, 79, 1001011010100100, 1001011001011011, 4, 4
HIT, 80, 1010101001011000, 0110100101101011, 5, 5
MISS, 81, 1001010101100100, 1010011001100111, 3, 1
HIT, 82, 1010011010101000, 1010101010100111, 4, 4
HIT, 83, 1001101001101000, 0101010110010111, 2, 2
HIT, 84, 1010101010010100, 0110100101011011, 4, 4
HIT, 85, 1010011001010100, 0101101010101011, 2, 2
HIT, 86, 1010100101101000, 0101011010100111, 4, 4
HIT, 87, 1010011010101000, 1010101001100111, 4, 4
HIT, 88, 0101101001011000, 1001100101101011, 4, 4
HIT, 89, 0101011001101000, 1010010101010111, 3, 3
HIT, 90, 0110101001100100, 1001100101011011, 4, 4
HIT, 91, 0110011001100100, 0101101010101011, 2, 2
HIT, 92, 0110100110011000, 0110010110101011, 3, 3
HIT, 93, 1010011001011000, 0110011010010111, 3, 3
HIT, 94, 0110010101100100, 1001010101010111, 4, 4
HIT, 95, 1001101010101000, 1001011001011011, 2, 2
HIT, 96, 1010011010010100, 1001100101100111, 3, 3
HIT, 97, 1001010110100100, 0101101001100111, 5, 5
HIT, 98, 0110010110101000, 1010100110101011, 4, 4
MISS, 99, 1001100110100100, 0101100110101011, 5, 4
HIT, 100, 1001101001010100, 1001010101010111, 4, 4
MISS, 101, 1001011001100100, 1010101001010111, 3, 1
HIT, 102, 0110100101100100, 1010011001101011, 3, 3
MISS, 103, 1010011001011000, 0101010101101011, 3, 1
HIT, 104, 0101011001100100, 1001011001010111, 4, 4
HIT, 105, 0110100101101000, 1001101001101011, 4, 4
HIT, 106, 0110011010011000, 1010101001101011, 4, 4
HIT, 107, 0110011001010100, 0110100101011011, 4, 4
HIT, 108, 1001010101011000, 0110010101011011, 5, 5
HIT, 109, 0101010110010100, 1001010110010111, 6, 6
HIT, 110, 1010100110100100, 1001010110011011, 3, 3
HIT, 111, 1010010110100100, 0110010101010111, 3, 3
HIT, 112, 1001101001010100, 0101100110100111, 5, 5
HIT, 113, 1010100101100100, 1010010101011011, 4, 4
HIT, 114, 0110100110011000, 1010011001010111, 5, 5
MISS, 115, 0110010101101000, 1010011001101011, 3, 1
HIT, 116, 1010011010101000, 0110101010010111, 5, 5
HIT, 117, 0101011001100100, 0110101001100111, 4, 4
HIT, 118, 0110100101011000, 0110010110010111, 3, 3
HIT, 119, 0110100110100100, 1010100101100111, 3, 3
HIT, 120, 0110011010100100, 0101011001101011, 5, 5
HIT, 121, 0110101010010100, 0110010110100111, 3, 3
HIT, 122, 0110011001100100, 0110010101101011, 3, 3
HIT, 123, 1010100110010100, 0101011001011011, 4, 4
HIT, 124, 0110010110101000, 1001101010100111, 4, 4
HIT, 125, 0110011001010100, 0110100101101011, 3, 3
HIT, 126, 1010101001100100, 0101100110011011, 4, 4
HIT, 127, 0101100101100100, 1001010101100111, 4, 4
HIT, 128, 0101101010101000, 0110100101010111, 3, 3
HIT, 129, 0110010110100100, 0110100101010111, 4, 4
HIT, 130, 1001100110010100, 0110101010011011, 3, 3
HIT, 131, 1010010110101000, 0110011001011011, 4, 4
HIT, 132, 0101100110011000, 1010010110010111, 4, 4
HIT, 133, 1010010101010100, 0101011001100111, 3, 3
HIT, 134, 0110010110011000, 1010011001100111, 4, 4
HIT, 135, 0110100110100100, 0110100101101011, 4, 4
HIT, 136, 0101010110100100, 1010010101011011, 5, 5
HIT, 137, 1001011001100100, 0101101010011011, 3, 3
HIT, 138, 0110010101100100, 0110011010101011, 3, 3
HIT, 139, 1001011001101000, 1010010101011011, 3, 3
HIT, 140, 1010011010011000, 0101101001101011, 5, 5
HIT, 141, 0110010110011000, 0110100110010111, 4, 4
HIT, 142, 1010101010100100, 0110101001101011, 4, 4
HIT, 143, 1001101010101000, 1001100101101011, 3, 3
HIT, 144, 1001101001010100, 1010100101011011, 5, 5
HIT, 145, 0101100101100100, 0101010101010111, 2, 2
HIT, 146, 0101101001011000, 0110011001010111, 3, 3
HIT, 147, 1001101001101000, 0110011001101011, 4, 4
HIT, 148, 1010011010011000, 0110101001100111, 4, 4
HIT, 149, 0110010110011000, 1010011010101011, 3, 3
HIT, 150, 1010010110101000, 0110011010011011, 3, 3
HIT, 151, 1010101010101000, 1010100110100111, 3, 3
HIT, 152, 0101010110010100, 0101010110010111, 7, 7
HIT, 153, 0110010110101000, 1001010110100111, 4, 4
HIT, 154, 0110101010101000, 1010010101011011, 2, 2
HIT, 155, 0110100101101000, 1001100101100111, 4, 4
HIT, 156, 0110010101010100, 0110010101101011, 5, 5
HIT, 157, 1001011001011000, 1010100101011011, 3, 3
HIT, 158, 1010010101010100, 1010011010101011, 3, 3
HIT, 159, 1010100110010100, 0101100101011011, 4, 4
HIT, 160, 0101011001101000, 0110100101100111, 4, 4
HIT, 161, 1010100101100100, 0101010101010111, 2, 2
HIT, 162, 0110010110010100, 1001011001101011, 5, 5
HIT, 163, 1001011010100100, 0110010110011011, 4, 4
HIT, 164, 0101011010100100, 0101100101100111, 3, 3
HIT, 165, 1001101001101000, 0110010110100111, 4, 4
HIT, 166, 0101100110101000, 0110010110101011, 4, 4
HIT, 167, 1010101010010100, 1001101001010111, 4, 4
HIT, 168, 1010011010100100, 1001100101011011, 3, 3
HIT, 169, 0110101001011000, 0101101001101011, 3, 3
HIT, 170, 0101010101010100, 1010101010011011, 1, 1
HIT, 171, 1001100101101000, 0101101001101011, 4, 4
HIT, 172, 0101100101011000, 0110011001101011, 3, 3
HIT, 173, 0110100110010100, 0101011010100111, 3, 3
HIT, 174, 0101011001011000, 1001101001011011, 4, 4
HIT, 175, 1001101001101000, 0110010101101011, 3, 3
HIT, 176, 0101011001101000, 0110011010010111, 5, 5
HIT, 177, 1001011010011000, 0101101010101011, 4, 4
HIT, 178, 1001101001101000, 0110101001100111, 4, 4
HIT, 179, 0101100101011000, 1010010110011011, 4, 4
HIT, 180, 0101010101010100, 1010010110100111, 2, 2
HIT, 181, 1010100110011000, 0110100110010111, 5, 5
HIT, 182, 0101101010101000, 1001100101011011, 3, 3
HIT, 183, 0101100110011000, 0110010110010111, 4, 4
HIT, 184, 1001010101100100, 1001010110010111, 5, 5
HIT, 185, 0110011001100100, 0101101001010111, 2, 2
MISS, 186, 0110100101010100, 1010100110011011, 3, 1
MISS, 187, 0101101010011000, 1001011001101011, 3, 1
HIT, 188, 1010011001101000, 1010011010101011, 4, 4
HIT, 189, 0110011001101000, 1001011001010111, 3, 3
HIT, 190, 1001010110010100, 1001011001100111, 4, 4
HIT, 191, 1001010101100100, 0110011001011011, 3, 3
HIT, 192, 1010011010011000, 0101010110010111, 2, 2
HIT, 193, 0101101010011000, 0101101001010111, 4, 4
HIT, 194, 1010011010011000, 0110101001100111, 4, 4
HIT, 195, 1001101010100100, 1001100110100111, 4, 4
HIT, 196, 1001101010010100, 1001010101101011, 3, 3
HIT, 197, 1010101001011000, 0110101001101011, 4, 4
HIT, 198, 0110100101011000, 1010011010101011, 3, 3
HIT, 199, 1001101001011000, 1010011001011011, 4, 4
HIT, 200, 1001010101011000, 1010011001101011, 2, 2
HIT, 201, 0101010101011000, 1010101001100111, 2, 2
MISS, 202, 1001101010011000, 0101101010101011, 4, 3
HIT, 203, 1010100110100100, 1010101010101011, 3, 3
HIT, 204, 1010011010100100, 0110100110011011, 4, 4
HIT, 205, 0101011001101000, 1010010101011011, 4, 4
HIT, 206, 0110011010100100, 0101010110010111, 3, 3
HIT, 207, 0101011001010100, 1010010101100111, 5, 5
HIT, 208, 1001100110011000, 1001010101100111, 3, 3
HIT, 209, 1001010101100100, 1010100110101011, 2, 2
HIT, 210, 1001100110100100, 0101011010011011, 4, 4
HIT, 211, 1010101001100100, 1010010101101011, 3, 3
HIT, 212, 1010100110101000, 0101100101011011, 2, 2
HIT, 213, 0110010101101000, 0101010110010111, 4, 4
HIT, 214, 1010011001100100, 0110101010011011, 4, 4
MISS, 215, 1010011010100100, 0110010110100111, 3, 2
HIT, 216, 1010010110101000, 0101011001101011, 3, 3
HIT, 217, 1001010101010100, 1001101010101011, 2, 2
HIT, 218, 1010011010101000, 1001010110010111, 2, 2
HIT, 219, 0110100110011000, 0101101010010111, 3, 3
HIT, 220, 1001100101010100, 1001101001010111, 4, 4
HIT, 221, 0101010110010100, 0110101001011011, 3, 3
HIT, 222, 0110010101101000, 1010101001100111, 3, 3
HIT, 223, 1001011010100100, 0110101010101011, 4, 4
HIT, 224, 1001010110100100, 0101011001011011, 4, 4
HIT, 225, 0110101001101000, 0101101010100111, 4, 4
HIT, 226, 1010011010101000, 0101010101101011, 3, 3
HIT, 227, 0101011001100100, 1001010110011011, 6, 6
HIT, 228, 0110010101011000, 1010101010011011, 2, 2
HIT, 229, 0101100110101000, 0110010101011011, 3, 3
HIT, 230, 1010011001011000, 1010100101010111, 3, 3
HIT, 231, 1010100110101000, 0101010101011011, 2, 2
HIT, 232, 0110100101100100, 0110010110011011, 5, 5
HIT, 233, 0110011010010100, 0101010101010111, 2, 2
HIT, 234, 1001101010010100, 1001100101101011, 3, 3
HIT, 235, 0101100110011000, 1010011001011011, 4, 4
HIT, 236, 1001101010011000, 0110101010011011, 5, 5
HIT, 237, 1010010110101000, 1001100110010111, 3, 3
HIT, 238, 1010100101101000, 0110100110100111, 3, 3
HIT, 239, 1001010110010100, 1010011010100111, 2, 2
HIT, 240, 1001100110010100, 0101011010101011, 2, 2
HIT, 241, 1010010110011000, 0101100110010111, 5, 5
HIT, 242, 0101010101100100, 0110011010011011, 3, 3
HIT, 243, 1001010101100100, 0110101010011011, 2, 2
HIT, 244, 0101011010101000, 0101100101101011, 4, 4
HIT, 245, 0110100101011000, 1010011010100111, 3, 3
HIT, 246, 1010101001101000, 1010100101100111, 4, 4
HIT, 247, 0101011010101000, 0101010110011011, 4, 4
HIT, 248, 1010101001101000, 1010010101100111, 3, 3
HIT, 249, 1001101010011000, 0110010101100111, 2, 2
HIT, 250, 1001100110100100, 0101100110011011, 5, 5
HIT, 251, 0101100110100100, 1010010110101011, 3, 3
HIT, 252, 1010100110101000, 1010101010101011, 3, 3
HIT, 253, 0101010101101000, 0101010101101011, 7, 7
HIT, 254, 1001100101101000, 0110100101010111, 3, 3
HIT, 255, 1001010110101000, 0101010101100111, 4, 4
HIT, 256, 0110101001010100, 0101100101011011, 4, 4
HIT, 257, 1010010110011000, 1001101001010111, 4, 4
HIT, 258, 0101100101101000, 1001010110010111, 5, 5
HIT, 259, 0110100101101000, 1010011010100111, 3, 3
HIT, 260, 1010101001010100, 0101101001011011, 4, 4
HIT, 261, 1010101010010100, 0101011010011011, 3, 3
HIT, 262, 1001011010011000, 1001011001010111, 4, 4
HIT, 263, 0101101001010100, 1010011010010111, 5, 5
HIT, 264, 1001100110101000, 1001101001010111, 4, 4
HIT, 265, 0101101010010100, 1001100110011011, 2, 2
HIT, 266, 1010101010101000, 0110011001101011, 2, 2
HIT, 267, 0101011001010100, 0101011010011011, 4, 4
HIT, 268, 1001011010011000, 0110010101010111, 3, 3
HIT, 269, 1010101010101000, 0101100101010111, 1, 1
HIT, 270, 1010011001100100, 0110010110010111, 3, 3
HIT, 271, 0101010110011000, 0101101010100111, 3, 3
HIT, 272, 0101011001101000, 0110100110100111, 4, 4
HIT, 273, 1010011010101000, 1001010101100111, 2, 2
HIT, 274, 0110100110100100, 1001101001011011, 5, 5
HIT, 275, 0110101001011000, 1010101001010111, 5, 5
HIT, 276, 0101101001011000, 0101101001011011, 7, 7
HIT, 277, 0101100101011000, 0110011010010111, 3, 3
HIT, 278, 0110011001100100, 1010010101010111, 2, 2
HIT, 279, 1001011010011000, 1001010101101011, 4, 4
HIT, 280, 0110100110011000, 0101011001100111, 4, 4
HIT, 281, 0110100101100100, 0101101001100111, 4, 4
HIT, 282, 1010011010010100, 1010100101011011, 4, 4
HIT, 283, 1001101001010100, 0110010101010111, 4, 4
HIT, 284, 0101100110010100, 1001011001010111, 4, 4
HIT, 285, 1010011001100100, 1010101010011011, 4, 4
HIT, 286, 1001100110010100, 0101101001011011, 3, 3
HIT, 287, 0110011010011000, 1010100110101011, 4, 4
HIT, 288, 1001100101011000, 0101010110101011, 4, 4
HIT, 289, 1001101010100100, 0110101001011011, 4, 4
HIT, 290, 0101100110101000, 1010011001100111, 4, 4
MISS, 291, 1010100110100100, 1010011010100111, 5, 4
HIT, 292, 1010011001011000, 0101011010100111, 3, 3
HIT, 293, 0110101001011000, 0101010101100111, 3, 3
HIT, 294, 1010011001101000, 0101101001011011, 3, 3
HIT, 295, 0110011010100100, 0110011001011011, 4, 4
HIT, 296, 1010100110101000, 0110100101100111, 3, 3
HIT, 297, 0110011010011000, 0110100101011011, 4, 4
HIT, 298, 0101011010100100, 0110101010010111, 4, 4
HIT, 299, 1001101001100100, 0110100110100111, 5, 5
HIT, 300, 0110011010011000, 0101011001010111, 3, 3
HIT, 301, 1010011001101000, 0110101010101011, 3, 3
HIT, 302, 0101011010100100, 0110011001010111, 3, 3
HIT, 303, 1001011010100100, 0110010110101011, 6, 6
HIT, 304, 0101100110011000, 0110011010011011, 4, 4
HIT, 305, 1010100110011000, 0101011001100111, 4, 4
HIT, 306, 1001011010101000, 1010011001011011, 4, 4
HIT, 307, 1001101010010100, 0110100101101011, 4, 4
HIT, 308, 0110101010010100, 0101010110010111, 3, 3
HIT, 309, 0110011001101000, 0110011010011011, 5, 5
HIT, 310, 0101011010011000, 0101100110101011, 3, 3
HIT, 311, 1001011010010100, 1010100110100111, 4, 4
HIT, 312, 1010011010100100, 0101011010011011, 4, 4
HIT, 313, 0110011010101000, 0101011010101011, 5, 5
MISS, 314, 0101100110011000, 0101101001011011, 3, 1
HIT, 315, 0101100110100100, 1001010110100111, 4, 4
MISS, 316, 1010100110010100, 0101011001101011, 3, 2
HIT, 317, 1010010110101000, 1001100101010111, 3, 3
HIT, 318, 1001101001011000, 1001011001100111, 4, 4
HIT, 319, 0110010110011000, 1001011010010111, 4, 4
HIT, 320, 0110101001101000, 1010011010101011, 5, 5
HIT, 321, 0101100101100100, 0110011010011011, 3, 3
HIT, 322, 0101011001010100, 1010010110100111, 3, 3
HIT, 323, 0110100101100100, 0110011001010111, 3, 3
HIT, 324, 1010101010010100, 0110101001101011, 4, 4
MISS, 325, 0110100110100100, 0101010110011011, 3, 2
HIT, 326, 1010010101101000, 0110010110100111, 4, 4
HIT, 327, 0110010110100100, 1010101001011011, 4, 4
HIT, 328, 1001011001011000, 1001101001011011, 4, 4
HIT, 329, 0110100110101000, 0110100101011011, 4, 4
HIT, 330, 0101011001101000, 1010010110010111, 4, 4
HIT, 331, 0101101001010100, 1001101001011011, 5, 5
HIT, 332, 0110101001101000, 0101011010011011, 4, 4
HIT, 333, 1001010101101000, 1001101010011011, 3, 3
HIT, 334, 0101101010101000, 0101011001011011, 3, 3
HIT, 335, 1001100110011000, 0110011010101011, 4, 4
HIT, 336, 1001100101010100, 1010011001100111, 4, 4
HIT, 337, 1010101001101000, 1010100101101011, 4, 4
HIT, 338, 0110010101010100, 1010101001010111, 4, 4
HIT, 339, 0101010101010100, 1001101010011011, 1, 1
HIT, 340, 1001100101010100, 0101101010010111, 3, 3
HIT, 341, 0110010101011000, 1001011010100111, 3, 3
HIT, 342, 1001101001011000, 0110100110010111, 4, 4
HIT, 343, 1010100101100100, 1010100101100111, 7, 7
HIT, 344, 1001101001100100, 0110100110010111, 6, 6
HIT, 345, 1001010110011000, 1010010101101011, 5, 5
HIT, 346, 1001010110011000, 0110011010100111, 4, 4
HIT, 347, 0110101010011000, 1001100110011011, 3, 3
HIT, 348, 0101011001011000, 0101010101011011, 4, 4
HIT, 349, 0110101001011000, 0101100101011011, 3, 3
HIT, 350, 0110101001011000, 1010100110010111, 4, 4
HIT, 351, 0101101010101000, 0110101001011011, 4, 4
HIT, 352, 0110101010101000, 0110011001101011, 3, 3
HIT, 353, 1001101001101000, 1001010110100111, 4, 4
HIT, 354, 0110100110010100, 1010011001011011, 6, 6
HIT, 355, 1010100101100100, 1010101010101011, 3, 3
HIT, 356, 0101011010011000, 0101100110101011, 3, 3
MISS, 357, 1001011010010100, 1001011001011011, 4, 3
HIT, 358, 1010010110010100, 1001100110011011, 3, 3
HIT, 359, 0110101010011000, 1010011001011011, 4, 4
HIT, 360, 1010100110010100, 0101101001011011, 3, 3
HIT, 361, 0101101001011000, 0110101001011011, 5, 5
HIT, 362, 1010010110011000, 0110101001100111, 3, 3
HIT, 363, 1010101001100100, 1010011010010111, 4, 4
HIT, 364, 0101101010101000, 0110101010101011, 6, 6
HIT, 365, 1010100110011000, 1001010101101011, 2, 2
HIT, 366, 0110011001011000, 0110100101010111, 3, 3
HIT, 367, 1001101010100100, 1001100101100111, 3, 3
HIT, 368, 0101101001100100, 1010010101100111, 3, 3
HIT, 369, 1010100110100100, 0101011010101011, 3, 3
HIT, 370, 1010011010011000, 0101101001100111, 5, 5
HIT, 371, 1001011001011000, 1001010101010111, 3, 3
HIT, 372, 0101011001010100, 1010101001101011, 2, 2
HIT, 373, 1010101010101000, 0110101010010111, 4, 4
HIT, 374, 0101011001100100, 1010100101010111, 3, 3
HIT, 375, 0101010110101000, 1010011001101011, 3, 3
HIT, 376, 1010010110101000, 0101010101011011, 3, 3
HIT, 377, 1001100110010100, 0101010110100111, 2, 2
HIT, 378, 0101010110010100, 0101011001100111, 5, 5
HIT, 379, 1010011010101000, 0110010110100111, 3, 3
HIT, 380, 0101010110011000, 0110101001100111, 3, 3
HIT, 381, 0101011010010100, 0110101001011011, 4, 4
HIT, 382, 1010010101100100, 0110100101100111, 4, 4
HIT, 383, 1001101001010100, 1001010110100111, 4, 4
HIT, 384, 1010100101011000, 1010101010100111, 4, 4
HIT, 385, 0101011001010100, 1001101010010111, 3, 3
HIT, 386, 0110100110011000, 0101010101010111, 1, 1
HIT, 387, 1010011001100100, 1010100110010111, 5, 5
HIT, 388, 0110101001100100, 1010101001010111, 4, 4
HIT, 389, 0101010101011000, 0110100110011011, 2, 2
HIT, 390, 1010100101101000, 1001010101100111, 3, 3
HIT, 391, 1010101001101000, 0101011001010111, 2, 2
HIT, 392, 0101010101010100, 0110101001100111, 1, 1
HIT, 393, 1010011010100100, 1010011010010111, 5, 5
MISS, 394, 1010100110101000, 0110011010100111, 5, 4
HIT, 395, 0101011001101000, 0110101010011011, 3, 3
HIT, 396, 0110100101101000, 0101010110101011, 4, 4
MISS, 397, 1001011001101000, 1001011010100111, 4, 3
HIT, 398, 1001101001100100, 1001101010101011, 4, 4
HIT, 399, 1001100101100100, 1001011001101011, 5, 5
HIT, 400, 0101100101101000, 1010010110101011, 5, 5
HIT, 401, 1001100110010100, 0101101010011011, 3, 3
HIT, 402, 1010100110010100, 0110010101101011, 4, 4
MISS, 403, 1001100101011000, 0101101001100111, 4, 3
HIT, 404, 0101011001101000, 1001101001100111, 4, 4
HIT, 405, 1010011010100100, 1001101010100111, 5, 5
HIT, 406, 1010010101011000, 1001010101010111, 5, 5
HIT, 407, 1001101010100100, 0101011010101011, 5, 5
HIT, 408, 0101010101101000, 1010011001010111, 3, 3
HIT, 409, 0110100110010100, 1010100101010111, 3, 3
HIT, 410, 0110010110100100, 0101100101011011, 4, 4
HIT, 411, 0101010110100100, 1010100101011011, 4, 4
HIT, 412, 0110101001011000, 1010101001010111, 5, 5
MISS, 413, 0101011001101000, 1010100101100111, 4, 3
MISS, 414, 1001100101100100, 0101010101011011, 3, 1
HIT, 415, 0110011001011000, 0110010110100111, 5, 5
HIT, 416, 0101100101011000, 1001010101100111, 4, 4
HIT, 417, 1010010101100100, 1010010110101011, 4, 4
HIT, 418, 1001011001101000, 1001010101010111, 3, 3
HIT, 419, 1001101001101000, 0110011010101011, 4, 4
HIT, 420, 0110010101100100, 0101100110011011, 4, 4
HIT, 421, 0110101001011000, 1001011010101011, 4, 4
HIT, 422, 1010011001011000, 0101101001011011, 4, 4
HIT, 423, 1010010110010100, 0110100101010111, 4, 4
HIT, 424, 0101011010101000, 1010010110101011, 5, 5
HIT, 425, 0101100101011000, 1010101001010111, 4, 4
HIT, 426, 1001010110101000, 0110010110010111, 3, 3
HIT, 427, 0110011001011000, 1010010110010111, 4, 4
HIT, 428, 1001101001101000, 0110010110100111, 4, 4
HIT, 429, 1001101010101000, 1010010101100111, 2, 2
HIT, 430, 0110010110101000, 1001101010101011, 4, 4
HIT, 431, 1010011001011000, 1010011010010111, 4, 4
MISS, 432, 0110101001101000, 1001010110010111, 2, 1
HIT, 433, 0101101001101000, 0101101010100111, 4, 4
HIT, 434, 1001100101100100, 0110010101100111, 4, 4
HIT, 435, 0101011010011000, 1001011001101011, 3, 3
HIT, 436, 0110101010101000, 1001010110011011, 2, 2
HIT, 437, 1010010110100100, 0110101010010111, 4, 4
HIT, 438, 1001011010101000, 0110100101100111, 4, 4
HIT, 439, 1001011010010100, 1010010101100111, 4, 4
HIT, 440, 0110101010011000, 0110010110011011, 3, 3
HIT, 441, 0101101001010100, 1001100110100111, 4, 4
HIT, 442, 0110011010101000, 0101101001101011, 4, 4
HIT, 443, 0101101010010100, 0110011010101011, 4, 4
HIT, 444, 1001101001011000, 1010100110011011, 3, 3
HIT, 445, 0110100101100100, 1010010101011011, 4, 4
HIT, 446, 1001011010101000, 0110010101100111, 3, 3
HIT, 447, 0110101001011000, 1010011001101011, 3, 3
HIT, 448, 1010011010100100, 0110100110011011, 4, 4
HIT, 449, 0110010101011000, 1010100110101011, 2, 2
HIT, 450, 1001100101101000, 1001100110100111, 4, 4
HIT, 451, 1001010110011000, 0101100110100111, 5, 5
HIT, 452, 0110011001101000, 0110101001100111, 4, 4
HIT, 453, 0110101001100100, 0101101010100111, 4, 4
HIT, 454, 0101100101101000, 0101011001100111, 4, 4
HIT, 455, 1010101001010100, 1010101001101011, 5, 5
HIT, 456, 0110100110100100, 0110010110011011, 3, 3
HIT, 457, 0101010110010100, 0110100110010111, 4, 4
HIT, 458, 1010101001011000, 1001100101100111, 4, 4
HIT, 459, 0101011010101000, 0110100110101011, 4, 4
HIT, 460, 1010011001100100, 1001101001101011, 4, 4
HIT, 461, 0110011010011000, 0101101001011011, 4, 4
HIT, 462, 1010101010010100, 0110101001010111, 5, 5
HIT, 463, 0101011010101000, 0101101001011011, 4, 4
HIT, 464, 1001100101011000, 0110100110101011, 3, 3
HIT, 465, 0110010101010100, 0101100101010111, 6, 6
HIT, 466, 1010010101011000, 1001011010100111, 3, 3
HIT, 467, 1001101010010100, 1010101010100111, 4, 4
HIT, 468, 0101010101101000, 0101010101010111, 5, 5
HIT, 469, 1001011001101000, 1001100101010111, 3, 3
HIT, 470, 1001011001011000, 0110101010100111, 2, 2
MISS, 471, 0101100110100100, 0101010101011011, 3, 2
MISS, 472, 0101101010010100, 1010101001011011, 5, 4
HIT, 473, 1010010110101000, 1001100110100111, 3, 3
HIT, 474, 1001011010101000, 1010101001010111, 4, 4
HIT, 475, 0101011010100100, 1010010110101011, 5, 5
HIT, 476, 0101100110100100, 0101100101010111, 4, 4
HIT, 477, 0110011010100100, 1010101010011011, 4, 4
HIT, 478, 1001101010011000, 1001011001010111, 2, 2
HIT, 479, 0101011010011000, 0101101001010111, 5, 5
HIT, 480, 0101010101011000, 1001100101101011, 3, 3
HIT, 481, 1001100101011000, 0110010110011011, 4, 4
HIT, 482, 1010010101100100, 1010100110010111, 3, 3
HIT, 483, 0101010101011000, 1010010110101011, 3, 3
HIT, 484, 1010101001101000, 0101011001101011, 4, 4
HIT, 485, 1001101010011000, 1001010110101011, 4, 4
HIT, 486, 1010011001100100, 1010011010101011, 4, 4
HIT, 487, 0101010110010100, 0101101010100111, 3, 3
HIT, 488, 1001011010101000, 1010100110100111, 3, 3
HIT, 489, 0101010101010100, 1010010110010111, 2, 2
HIT, 490, 1010010101010100, 0101100110100111, 3, 3
HIT, 491, 1010101001011000, 1001011001100111, 4, 4
HIT, 492, 1010010101101000, 0101101010100111, 4, 4
HIT, 493, 0101010101101000, 0101011010010111, 5, 5
HIT, 494, 0101101001010100, 0101101010011011, 4, 4
HIT, 495, 1010101001101000, 1001100101011011, 3, 3
HIT, 496, 1010011001101000, 1001100101100111, 4, 4
HIT, 497, 1001101010011000, 1001011001100111, 3, 3
HIT, 498, 1010011001011000, 1001100110100111, 4, 4
HIT, 499, 0101100101101000, 1001010101010111, 3, 3
HIT, 500, 1010011010011000, 1010010110011011, 3, 3
HIT, 501, 0110011001101000, 1010101010010111, 2, 2
HIT, 502, 0101011001101000, 1010011010011011, 4, 4
MISS, 503, 1001100110101000, 1010011001101011, 6, 3
HIT, 504, 1010101001100100, 0110010110101011, 3, 3
HIT, 505, 0101011010010100, 1001010101101011, 5, 5
HIT, 506, 1001011001011000, 1010010110100111, 4, 4
HIT, 507, 0110011010010100, 0101101001010111, 5, 5
HIT, 508, 1001011010011000, 0110101010101011, 3, 3
HIT, 509, 0101011001010100, 0110011001010111, 5, 5
HIT, 510, 1010011010101000, 0101011001010111, 2, 2
HIT, 511, 1010010101011000, 0101101010100111, 3, 3
HIT, 512, 1001010101011000, 0101010101010111, 5, 5
HIT, 513, 1001010101010100, 1001010110011011, 4, 4
HIT, 514, 0101101001011000, 0101101001101011, 5, 5
HIT, 515, 0110101010011000, 0110011001011011, 3, 3
HIT, 516, 0110101010010100, 0101011010011011, 3, 3
HIT, 517, 1010010101011000, 0110100110101011, 3, 3
HIT, 518, 1010011010100100, 1001100101101011, 3, 3
HIT, 519, 1001100101010100, 1001101001011011, 3, 3
HIT, 520, 0110010101011000, 0101101010010111, 3, 3
HIT, 521, 0110100110010100, 1001100110010111, 5, 5
HIT, 522, 0101101001101000, 1010100101010111, 3, 3
HIT, 523, 1010011010011000, 0110100101101011, 4, 4
HIT, 524, 1010101001100100, 0110011001010111, 4, 4
HIT, 525, 1010011001101000, 0110100110100111, 4, 4
HIT, 526, 0110100101011000, 0101011001011011, 4, 4
HIT, 527, 0110010101100100, 1010100101011011, 5, 5
HIT, 528, 1010011001100100, 0110100101101011, 3, 3
HIT, 529, 0101010101010100, 0110010101101011, 3, 3
HIT, 530, 1001011010010100, 0110101010011011, 3, 3
HIT, 531, 1010010110101000, 1010100110100111, 3, 3
HIT, 532, 1001010101101000, 1001010110101011, 5, 5
HIT, 533, 1001100101101000, 1001011010100111, 5, 5
HIT, 534, 0101010110010100, 0110010110010111, 5, 5
HIT, 535, 1001100110100100, 0101101010010111, 3, 3
HIT, 536, 1010010101011000, 1001101001011011, 4, 4
HIT, 537, 0110010110100100, 1010010110011011, 4, 4
HIT, 538, 1001011001101000, 1010100101010111, 3, 3
HIT, 539, 0101101001010100, 0101100110011011, 3, 3
HIT, 540, 1001010110100100, 1001100101101011, 4, 4
HIT, 541, 0110010110010100, 1010010110100111, 4, 4
HIT, 542, 0101100101101000, 0110010101100111, 4, 4
HIT, 543, 0101101010011000, 1010101001101011, 5, 5
HIT, 544, 1010101001100100, 0101101010101011, 4, 4
HIT, 545, 1001101001100100, 0110101001011011, 3, 3
HIT, 546, 1001100101100100, 0101010101100111, 4, 4
HIT, 547, 1001010101011000, 0101100110100111, 3, 3
HIT, 548, 1010100101010100, 0101100110010111, 3, 3
HIT, 549, 0110011010011000, 1001010110100111, 4, 4
HIT, 550, 1010010110101000, 0110100110010111, 3, 3
HIT, 551, 1001011010100100, 0110011001101011, 3, 3
HIT, 552, 1001011010011000, 0110101001101011, 4, 4
HIT, 553, 1001100110011000, 1010100110011011, 5, 5
HIT, 554, 1010010110011000, 1001010110011011, 5, 5
HIT, 555, 1010100101011000, 0110011001011011, 3, 3
HIT, 556, 0110011001101000, 0110100101011011, 3, 3
HIT, 557, 0101100110011000, 1010100101011011, 3, 3
HIT, 558, 1001011010011000, 0110010101100111, 3, 3
HIT, 559, 1010100101010100, 1010101001100111, 4, 4
HIT, 560, 1001010110011000, 0110100110010111, 3, 3
HIT, 561, 0110101010011000, 1001010101011011, 2, 2
HIT, 562, 0110100101100100, 1010011010010111, 5, 5
HIT, 563, 0110011010011000, 1001011001010111, 3, 3
HIT, 564, 0110010101010100, 0110100101011011, 4, 4
MISS, 565, 0101101010010100, 1001100110100111, 3, 1
HIT, 566, 0110101010101000, 0101101001100111, 3, 3
HIT, 567, 0101100101100100, 1010011001100111, 3, 3
HIT, 568, 1010010110100100, 0110010101100111, 3, 3
HIT, 569, 0101100110010100, 1001100101101011, 5, 5
HIT, 570, 1010100101010100, 0101010110100111, 4, 4
HIT, 571, 1001011001101000, 0101010101101011, 3, 3
HIT, 572, 0110010110101000, 1010010101101011, 4, 4
HIT, 573, 0101011010101000, 1010100110010111, 3, 3
HIT, 574, 0110100110101000, 0110011010011011, 5, 5
HIT, 575, 0110100101010100, 1010101001100111, 3, 3
HIT, 576, 1010011001101000, 0101010101010111, 1, 1
HIT, 577, 1010011010011000, 0101100110100111, 5, 5
HIT, 578, 0110011010010100, 0101011010101011, 3, 3
HIT, 579, 0110010101010100, 1001010101011011, 6, 6
HIT, 580, 0101101010100100, 0101010101101011, 4, 4
HIT, 581, 0110100101011000, 1001010110011011, 5, 5
HIT, 582, 0101011010101000, 0101010101011011, 4, 4
HIT, 583, 1001011001011000, 1010011001011011, 5, 5
HIT, 584, 0101011010010100, 1010100101100111, 4, 4
HIT, 585, 1010100110100100, 0101101010101011, 3, 3
HIT, 586, 1001101001010100, 1010010110101011, 4, 4
HIT, 587, 0101100101011000, 0101101010101011, 3, 3
HIT, 588, 1001101010011000, 1010101001101011, 5, 5
HIT, 589, 1010010101010100, 1010010101011011, 6, 6
HIT, 590, 1010010110011000, 1010010101100111, 4, 4
HIT, 591, 1001100110100100, 0101100101010111, 3, 3
HIT, 592, 1001101001101000, 0110100101011011, 4, 4
HIT, 593, 0101101001010100, 1001100110100111, 4, 4
HIT, 594, 1010010110011000, 1010100110101011, 3, 3
HIT, 595, 1010101010100100, 1010011001011011, 3, 3
HIT, 596, 0110011001011000, 0110101010100111, 2, 2
HIT, 597, 1010100110101000, 0110100110100111, 5, 5
HIT, 598, 0101101010010100, 0110010101100111, 3, 3
HIT, 599, 0101100110100100, 0110011010100111, 5, 5
HIT, 600, 0110010101100100, 0101101001011011, 3, 3
HIT, 601, 0101101010101000, 0110010101010111, 2, 2
HIT, 602, 0110101010010100, 0101011001010111, 3, 3
HIT, 603, 0101101010011000, 1010101001100111, 5, 5
HIT, 604, 1010101001101000, 0110010101010111, 2, 2
HIT, 605, 1001011010100100, 1010100101010111, 4, 4
HIT, 606, 0110100101010100, 0101010101101011, 4, 4
HIT, 607, 1001010110011000, 1010010101010111, 4, 4
HIT, 608, 0110010101100100, 1010011001010111, 5, 5
HIT, 609, 0110011001101000, 1010101010011011, 3, 3
HIT, 610, 0101101010101000, 1001100101010111, 2, 2
HIT, 611, 1001101001101000, 0101011001010111, 2, 2
HIT, 612, 1010101001100100, 1001011001100111, 4, 4
HIT, 613, 0110010101100100, 1010100101100111, 4, 4
HIT, 614, 1001100110101000, 0101100110101011, 6, 6
HIT, 615, 0110011010010100, 1010010101011011, 4, 4
HIT, 616, 1001100101011000, 0101011001010111, 5, 5
HIT, 617, 1001010110010100, 0110101001101011, 2, 2
HIT, 618, 1001100101101000, 0110101001101011, 3, 3
HIT, 619, 1001010101011000, 1001101010011011, 2, 2
HIT, 620, 0101010101101000, 1010100101010111, 4, 4
HIT, 621, 1010101010101000, 0101100101011011, 1, 1
HIT, 622, 1010011001100100, 1001100101101011, 4, 4
HIT, 623, 1001010101100100, 1010010101101011, 4, 4
HIT, 624, 1010100110011000, 1001101001011011, 3, 3
HIT, 625, 0110010101010100, 1001010110101011, 4, 4
HIT, 626, 1010100110011000, 1001011001101011, 4, 4
HIT, 627, 0110101001101000, 1010010101010111, 3, 3
HIT, 628, 0101101010011000, 0101100110101011, 4, 4
HIT, 629, 0101101001011000, 0101011010010111, 6, 6
HIT, 630, 0101101010010100, 0110101010010111, 5, 5
HIT, 631, 1001101010011000, 1010100110101011, 5, 5
HIT, 632, 1001101001101000, 1010011010010111, 5, 5
HIT, 633, 1001010110010100, 1010101010011011, 2, 2
HIT, 634, 1001011001011000, 1010011010100111, 2, 2
HIT, 635, 0110011010010100, 1010101010011011, 3, 3
MISS, 636, 1001010110010100, 0101101010101011, 3, 2
HIT, 637, 1001101010010100, 1010010101010111, 4, 4
HIT, 638, 0110010101010100, 0101010110101011, 4, 4
HIT, 639, 1010101010100100, 1010011010010111, 3, 3
HIT, 640, 1001100110101000, 1010011001101011, 6, 6
HIT, 641, 0110011010100100, 0101100101010111, 3, 3
HIT, 642, 1010011010100100, 0110100101011011, 3, 3
HIT, 643, 0110010101011000, 1010011010010111, 3, 3
HIT, 644, 0101101010010100, 1001011010101011, 5, 5
HIT, 645, 1010011001010100, 0101010110010111, 4, 4
HIT, 646, 1001010101010100, 1010011010011011, 2, 2
HIT, 647, 1001010101010100, 0110101010010111, 3, 3
HIT, 648, 0101010101101000, 1001100110100111, 3, 3
HIT, 649, 1001100110011000, 1001101001100111, 4, 4
HIT, 650, 1001101001010100, 1001101001100111, 5, 5
MISS, 651, 0101101001100100, 0101010110100111, 5, 4
HIT, 652, 1010010101010100, 1001010110010111, 4, 4
HIT, 653, 1001011010011000, 1001100101010111, 3, 3
HIT, 654, 0101101001100100, 1010010101010111, 3, 3
HIT, 655, 0101010110011000, 0110101001101011, 3, 3
HIT, 656, 0110011001100100, 1001011010010111, 2, 2
HIT, 657, 0110101001011000, 1010101010101011, 3, 3
HIT, 658, 1001101001010100, 1010101001010111, 5, 5
HIT, 659, 0101100110100100, 1010101001100111, 3, 3
HIT, 660, 1010011010101000, 1010010110010111, 3, 3
HIT, 661, 0110100101011000, 1001101010010111, 4, 4
HIT, 662, 0110010101100100, 0101101001010111, 4, 4
HIT, 663, 0110101010101000, 1001100101101011, 3, 3
HIT, 664, 0110011001010100, 1010010110100111, 3, 3
HIT, 665, 0101101010010100, 1001101001101011, 3, 3
HIT, 666, 0101010110100100, 1001011010100111, 4, 4
HIT, 667, 1010010101101000, 0101011010101011, 5, 5
HIT, 668, 1010100110010100, 0110011010010111, 3, 3
HIT, 669, 0110100110101000, 0101010101101011, 3, 3
HIT, 670, 0101010101011000, 1010100101100111, 3, 3
HIT, 671, 1001010110101000, 1001010110010111, 5, 5
HIT, 672, 0101011001100100, 1010100110100111, 3, 3
HIT, 673, 1001101010100100, 0110010101011011, 2, 2
HIT, 674, 1010100110100100, 1001010101100111, 2, 2
HIT, 675, 0110011001011000, 1010010110010111, 4, 4
HIT, 676, 1001010101011000, 0110010101011011, 5, 5
HIT, 677, 0110100110101000, 0101011010011011, 5, 5
HIT, 678, 0110100101010100, 1010011010010111, 5, 5
HIT, 679, 0101101010100100, 0101010101100111, 3, 3
HIT, 680, 0101100101011000, 0110100110011011, 3, 3
HIT, 681, 1010010101010100, 1010100101011011, 5, 5
HIT, 682, 1001101001101000, 0101010110011011, 3, 3
HIT, 683, 1001100101011000, 0101101010011011, 3, 3
HIT, 684, 0101010110011000, 1010011010011011, 3, 3
HIT, 685, 0101011010101000, 0110100110100111, 3, 3
MISS, 686, 0101100101101000, 0110101001010111, 3, 1
HIT, 687, 0101011001101000, 1001010110011011, 6, 6
HIT, 688, 1001011010011000, 0110011001101011, 3, 3
HIT, 689, 0101010101101000, 1010100101100111, 3, 3
HIT, 690, 1001010101100100, 1010011010100111, 2, 2
HIT, 691, 0110101010011000, 1001010110100111, 3, 3
HIT, 692, 1001011010011000, 0101010110101011, 4, 4
HIT, 693, 1001011001010100, 0110101010011011, 2, 2
HIT, 694, 1001101001011000, 0101011010011011, 4, 4
HIT, 695, 0110101010011000, 0101010110011011, 3, 3
HIT, 696, 0101101001010100, 1010100101101011, 4, 4
HIT, 697, 1001100110101000, 1010101010010111, 3, 3
HIT, 698, 1001011010101000, 1010011010101011, 5, 5
HIT, 699, 1010100110011000, 1010011010010111, 4, 4
HIT, 700, 1001100101010100, 1001010110010111, 4, 4
HIT, 701, 0101100101101000, 0110100110100111, 3, 3
HIT, 702, 0110010110101000, 1001101001010111, 3, 3
HIT, 703, 0101011001011000, 1010100110010111, 4, 4
HIT, 704, 1001100101101000, 0101101010100111, 4, 4
HIT, 705, 0101010101011000, 0101101010100111, 3, 3
HIT, 706, 1010101001010100, 0101010101011011, 3, 3
HIT, 707, 1010100110100100, 0101101010011011, 5, 5
HIT, 708, 1010011001010100, 0110011010010111, 3, 3
HIT, 709, 0101010110010100, 0110011010101011, 3, 3
HIT, 710, 0110100110010100, 1001011010101011, 3, 3
HIT, 711, 1001101010011000, 0110100101101011, 3, 3
HIT, 712, 0110100110011000, 1010011001101011, 6, 6
HIT, 713, 0101101001100100, 1010010101101011, 4, 4
HIT, 714, 0110010101100100, 1001100110010111, 4, 4
HIT, 715, 0101101001101000, 1010010110011011, 3, 3
HIT, 716, 1010100101011000, 0110010101011011, 4, 4
HIT, 717, 1010011001011000, 1010011001100111, 5, 5
HIT, 718, 0110010110101000, 0101011010101011, 5, 5
HIT, 719, 1010011010100100, 1001010110101011, 4, 4
HIT, 720, 0110011010011000, 1001010101101011, 3, 3
HIT, 721, 1001011001011000, 0101010110100111, 3, 3
HIT, 722, 1001011001010100, 1001100110010111, 4, 4
HIT, 723, 0101101001011000, 1001011010100111, 4, 4
HIT, 724, 1010010101010100, 1001011010011011, 3, 3
HIT, 725, 1001101010100100, 0110100101101011, 3, 3
HIT, 726, 1001010101100100, 0101011001100111, 5, 5
HIT, 727, 1001011010011000, 0101101010010111, 4, 4
HIT, 728, 1010011010011000, 1001010101101011, 3, 3
HIT, 729, 0110101010101000, 0110010110010111, 2, 2
HIT, 730, 1010010101100100, 1010101010101011, 2, 2
HIT, 731, 0110011010100100, 0101011001010111, 3, 3
HIT, 732, 0110101010011000, 1010101001100111, 6, 6
HIT, 733, 1001011001100100, 1010101010100111, 2, 2
HIT, 734, 0110100110101000, 0101010110011011, 3, 3
HIT, 735, 0101010110010100, 0101100110011011, 4, 4
HIT, 736, 1010100101101000, 0110100101011011, 4, 4
HIT, 737, 0101101001010100, 1001100110101011, 3, 3
HIT, 738, 1010010101010100, 0101010101100111, 5, 5
HIT, 739, 1001100110100100, 0101011001100111, 4, 4
HIT, 740, 0101100101101000, 0101010110100111, 4, 4
HIT, 741, 1001011001011000, 0101100101101011, 6, 6
HIT, 742, 0101011001100100, 1001100101011011, 4, 4
HIT, 743, 1010100110100100, 1010100101100111, 4, 4
HIT, 744, 1001100110101000, 1001100101010111, 4, 4
HIT, 745, 0110010101010100, 1010101001011011, 3, 3
HIT, 746, 1001101001100100, 1001101001101011, 6, 6
HIT, 747, 1010010110010100, 1001100110101011, 3, 3
HIT, 748, 1001100101010100, 1001010110011011, 4, 4
HIT, 749, 1010101001011000, 1001101010101011, 4, 4
HIT, 750, 1001101010011000, 1010011010011011, 4, 4
HIT, 751, 0101100110100100, 1010010110101011, 3, 3
HIT, 752, 1010100101010100, 1001101001011011, 4, 4
HIT, 753, 0110010110011000, 0110010101101011, 4, 4
HIT, 754, 1001101001011000, 1010101010011011, 3, 3
HIT, 755, 0110100110101000, 0101101001011011, 4, 4
HIT, 756, 1010010101101000, 0110101001010111, 5, 5
HIT, 757, 1001100101101000, 0101101001100111, 4, 4
MISS, 758, 1010010101011000, 1010010101100111, 5, 4
HIT, 759, 1010011010100100, 0101010101101011, 3, 3
MISS, 760, 1001010110011000, 0101100110100111, 5, 4
HIT, 761, 0110100110100100, 0101011010101011, 3, 3
HIT, 762, 0101011010101000, 0110101001100111, 4, 4
HIT, 763, 0110010101100100, 1010011010010111, 3, 3
HIT, 764, 0101100110011000, 0101101010101011, 3, 3
HIT, 765, 0110011010100100, 1010101001010111, 4, 4
HIT, 766, 1001011001100100, 0101101001101011, 3, 3
HIT, 767, 0110101001101000, 0101101001011011, 3, 3
HIT, 768, 0110011010100100, 0101011010100111, 5, 5
HIT, 769, 0101100110010100, 1010010110101011, 3, 3
HIT, 770, 1010100101101000, 1010101001011011, 6, 6
HIT, 771, 1001010101100100, 0101101001010111, 4, 4
HIT, 772, 1001010110011000, 1010010110010111, 4, 4
HIT, 773, 1001100101101000, 1001101010101011, 3, 3
HIT, 774, 0110010101010100, 1001011010011011, 3, 3
HIT, 775, 1010011010101000, 0101100110011011, 3, 3
HIT, 776, 1001010110100100, 0101100101010111, 4, 4
HIT, 777, 1010010101011000, 0101010101010111, 4, 4
HIT, 778, 1001010101100100, 1001010110011011, 5, 5
HIT, 779, 1010010101101000, 0110100101100111, 4, 4
HIT, 780, 1001100110100100, 0101101010100111, 3, 3
MISS, 781, 1001100110100100, 1010100101010111, 3, 2
HIT, 782, 0110100101010100, 0110010101010111, 5, 5
HIT, 783, 0110010101100100, 0110101001101011, 2, 2
HIT, 784, 1001101010100100, 0110010110010111, 2, 2
HIT, 785, 0101011010010100, 1010010101100111, 4, 4
HIT, 786, 1010010110101000, 0110011001010111, 3, 3
HIT, 787, 0101011001100100, 0110011001010111, 5, 5
HIT, 788, 0101101010010100, 0101100101101011, 4, 4
HIT, 789, 1001100110011000, 0101010110011011, 4, 4
HIT, 790, 1010010101100100, 1001010110011011, 6, 6
HIT, 791, 0110011010101000, 0110100110011011, 4, 4
HIT, 792, 0101010110101000, 1001101010011011, 4, 4
HIT, 793, 0101101001011000, 1001100101100111, 4, 4
HIT, 794, 1001011010101000, 0110100101010111, 3, 3
HIT, 795, 0101011010101000, 0101010110101011, 6, 6
HIT, 796, 0101010101101000, 0110010101010111, 5, 5
HIT, 797, 0101010101011000, 0110100110101011, 2, 2
HIT, 798, 0101010110011000, 0101101010010111, 3, 3
MISS, 799, 1001011010010100, 1001101001010111, 5, 4
HIT, 800, 1001010101011000, 1010011001101011, 2, 2
HIT, 801, 0110101001011000, 1001100110101011, 4, 4
MISS, 802, 0101101001011000, 1010100101010111, 4, 3
HIT, 803, 0101011010011000, 0101100101011011, 4, 4
HIT, 804, 0110010110100100, 0101100110101011, 3, 3
HIT, 805, 0110011010100100, 1001101010011011, 6, 6
HIT, 806, 0101100110011000, 1010011001101011, 5, 5
HIT, 807, 0101100101011000, 0110100110011011, 3, 3
HIT, 808, 1010100110010100, 1001100110100111, 4, 4
HIT, 809, 1001010110010100, 0110100101011011, 5, 5
HIT, 810, 1010101001011000, 1010100101101011, 6, 6
HIT, 811, 0101100101010100, 1001101010011011, 2, 2
HIT, 812, 1001101010100100, 1001011010011011, 3, 3
HIT, 813, 1001101010010100, 1001011001011011, 3, 3
HIT, 814, 1001100101101000, 1001100101011011, 5, 5
HIT, 815, 0110101001101000, 1010101010101011, 3, 3
HIT, 816, 0101100101100100, 0101101001100111, 3, 3
HIT, 817, 1010011010010100, 1010011001101011, 4, 4
HIT, 818, 0110100110100100, 0110011010011011, 5, 5
HIT, 819, 1001100110011000, 0101011001010111, 3, 3
HIT, 820, 1001100110101000, 0110101001101011, 4, 4
HIT, 821, 1001100101011000, 1001100110010111, 5, 5
HIT, 822, 1001101010010100, 0110100110101011, 5, 5
HIT, 823, 1001010110100100, 1001011001100111, 3, 3
HIT, 824, 1001101010011000, 0110010101100111, 2, 2
HIT, 825, 0110100101011000, 0110100110101011, 4, 4
HIT, 826, 1001011001010100, 1001011010010111, 4, 4
HIT, 827, 0110011001011000, 0101011010100111, 3, 3
HIT, 828, 1010101001010100, 1001101010010111, 5, 5
HIT, 829, 0110010110100100, 1010011001101011, 3, 3
HIT, 830, 0110100101010100, 1010011010010111, 5, 5
HIT, 831, 0101101010100100, 0110101001101011, 4, 4
HIT, 832, 1001010110101000, 1001011010011011, 4, 4
HIT, 833, 1010010101101000, 1010101001100111, 3, 3
HIT, 834, 1010100110100100, 1010011010011011, 6, 6
HIT, 835, 1001011010010100, 0101011010101011, 4, 4
HIT, 836, 1001011001010100, 0110010101101011, 5, 5
HIT, 837, 0110100101010100, 1010100101100111, 4, 4
HIT, 838, 0101101001101000, 0110010101101011, 4, 4
HIT, 839, 1010011001100100, 1010011010010111, 4, 4
MISS, 840, 1001100110010100, 1010010110100111, 3, 2
HIT, 841, 1001011001011000, 1001010110100111, 3, 3
HIT, 842, 0101100110011000, 1010100101010111, 2, 2
HIT, 843, 1001100110010100, 1001100110011011, 6, 6
HIT, 844, 1010101010011000, 1001011001011011, 2, 2
HIT, 845, 0101010101010100, 0110100101010111, 4, 4
HIT, 846, 0110101010011000, 0110101010101011, 5, 5
HIT, 847, 0110010101011000, 1001010110010111, 4, 4
HIT, 848, 0101100101100100, 0101011001010111, 5, 5
HIT, 849, 1010100101011000, 1010101010010111, 5, 5
HIT, 850, 1010011010010100, 0110100110101011, 5, 5
HIT, 851, 0101100110101000, 1001011001101011, 6, 6
HIT, 852, 1010101010100100, 0110011001101011, 2, 2
HIT, 853, 0101101010011000, 1001101010010111, 5, 5
HIT, 854, 1001101010011000, 0101101010011011, 6, 6
HIT, 855, 0101010101101000, 1001011001101011, 3, 3
HIT, 856, 0101010101011000, 0101101001101011, 3, 3
HIT, 857, 1001100110100100, 0101101001011011, 4, 4
HIT, 858, 1001100110010100, 1010101001010111, 3, 3
HIT, 859, 0110011001101000, 0110011010101011, 5, 5
HIT, 860, 0110100101101000, 0110011010100111, 3, 3
HIT, 861, 0110100110010100, 0110011010100111, 3, 3
HIT, 862, 1001100101011000, 0101101001010111, 4, 4
HIT, 863, 1001010110011000, 0101010101100111, 5, 5
HIT, 864, 1010010101011000, 0101011001100111, 4, 4
HIT, 865, 1001100101010100, 1001010110100111, 4, 4
HIT, 866, 0101010101010100, 1010101001100111, 1, 1
HIT, 867, 0101100110100100, 1001010110100111, 4, 4
HIT, 868, 0110100110011000, 0110011010100111, 4, 4
HIT, 869, 0101010110010100, 1001011010010111, 3, 3
HIT, 870, 1001010101011000, 0110011001010111, 4, 4
HIT, 871, 1001100101101000, 1001010101101011, 4, 4
HIT, 872, 0110101010101000, 0101101001011011, 3, 3
HIT, 873, 1001101010101000, 0101101001101011, 4, 4
HIT, 874, 1001011001011000, 0110011010100111, 3, 3
HIT, 875, 0101101001010100, 0101011001011011, 3, 3
HIT, 876, 1010011001011000, 1001011010101011, 4, 4
HIT, 877, 0110100101011000, 1010101001101011, 3, 3
HIT, 878, 0110011001101000, 0101011010101011, 3, 3
HIT, 879, 1010011010100100, 1001011001100111, 3, 3
HIT, 880, 0110010110010100, 0110101010010111, 3, 3
HIT, 881, 0110010101100100, 1010101001101011, 2, 2
HIT, 882, 0110101001011000, 1010100110101011, 4, 4
HIT, 883, 0101011010010100, 1001011010101011, 4, 4
HIT, 884, 0101010101101000, 1001011010010111, 4, 4
HIT, 885, 1010101010101000, 0110010110011011, 1, 1
HIT, 886, 0110010101100100, 1001010101011011, 4, 4
HIT, 887, 1010011010101000, 1010101001100111, 4, 4
HIT, 888, 0110010101101000, 0110011001011011, 4, 4
HIT, 889, 1001011010010100, 1001011010101011, 5, 5
HIT, 890, 1001100101011000, 0101100110101011, 3, 3
HIT, 891, 0110011001101000, 0101101010011011, 3, 3
HIT, 892, 0110101001100100, 0110100101100111, 3, 3
HIT, 893, 0101010101011000, 0110011010100111, 2, 2
HIT, 894, 0101011001011000, 0110101001011011, 4, 4
HIT, 895, 0110011010011000, 1001011010100111, 3, 3
HIT, 896, 1001011010011000, 1010100101100111, 4, 4
HIT, 897, 0110011010100100, 0110010101101011, 3, 3
HIT, 898, 1001101010100100, 1010011001010111, 3, 3
HIT, 899, 1010100101011000, 1001101001010111, 5, 5
HIT, 900, 0101100101100100, 0110100110010111, 4, 4
HIT, 901, 1010100110101000, 1001100101010111, 3, 3
HIT, 902, 0110100101100100, 1001101010100111, 3, 3
HIT, 903, 0101010110010100, 1001011010101011, 3, 3
HIT, 904, 1001011010100100, 1001010101101011, 4, 4
HIT, 905, 1001100101101000, 1001010110011011, 3, 3
HIT, 906, 1001010101011000, 0110101010011011, 2, 2
HIT, 907, 1001011010101000, 0110101001010111, 4, 4
HIT, 908, 0101101001011000, 1010010110011011, 5, 5
HIT, 909, 0110100101011000, 0110010101011011, 4, 4
HIT, 910, 0110101001011000, 0110010101010111, 3, 3
HIT, 911, 1001010110100100, 1001101001101011, 4, 4
HIT, 912, 1001011010101000, 0110100110100111, 3, 3
HIT, 913, 1001100110010100, 0110101001100111, 4, 4
HIT, 914, 0101010110011000, 0101101001010111, 3, 3
HIT, 915, 1010010101011000, 1010011001010111, 4, 4
HIT, 916, 0101011010101000, 1001101001010111, 3, 3
HIT, 917, 0110100110010100, 1001100101100111, 5, 5
HIT, 918, 0101011010011000, 0110010101101011, 5, 5
MISS, 919, 1010101001101000, 0110010110011011, 3, 2
HIT, 920, 0101101001101000, 0110101010100111, 3, 3
HIT, 921, 0110101001011000, 1001100110011011, 2, 2
HIT, 922, 0101100101011000, 0110011001010111, 5, 5
HIT, 923, 0101101001010100, 1001101001010111, 6, 6
HIT, 924, 0110100110101000, 0110100101100111, 4, 4
HIT, 925, 1010100110100100, 0101101001100111, 4, 4
HIT, 926, 1001010101011000, 0110100110011011, 2, 2
HIT, 927, 1001100101011000, 0110100101101011, 3, 3
HIT, 928, 0110100110101000, 0101100101010111, 2, 2
HIT, 929, 1001011010100100, 1010101001100111, 4, 4
HIT, 930, 1010100101010100, 0101100110011011, 2, 2
HIT, 931, 0110100110100100, 1010101001010111, 3, 3
HIT, 932, 1001100110100100, 0110010101011011, 3, 3
HIT, 933, 1010100110010100, 0101100110010111, 5, 5
HIT, 934, 0110010101101000, 1001101001101011, 3, 3
HIT, 935, 1001010101010100, 1001101010100111, 2, 2
HIT, 936, 0110011001100100, 0101101010011011, 3, 3
HIT, 937, 1010011001100100, 0110011001100111, 6, 6
HIT, 938, 1001100101010100, 1010011010010111, 3, 3
HIT, 939, 1010100110010100, 0101100110011011, 4, 4
HIT, 940, 0101101010100100, 0110100110011011, 3, 3
HIT, 941, 0101011001010100, 0110011001011011, 4, 4
HIT, 942, 1001101010011000, 0101010110101011, 4, 4
HIT, 943, 0101100101011000, 0110011010011011, 3, 3
HIT, 944, 1001100110101000, 0110101010011011, 4, 4
HIT, 945, 1001011010100100, 0101011010101011, 5, 5
HIT, 946, 1010101001100100, 0110101001011011, 4, 4
HIT, 947, 1010101001010100, 0101100101011011, 4, 4
HIT, 948, 1001010110011000, 1001010110101011, 5, 5
HIT, 949, 0110011010100100, 0110011001011011, 4, 4
HIT, 950, 0110011010010100, 0110010110011011, 4, 4
HIT, 951, 0110101001011000, 1001101001101011, 3, 3
HIT, 952, 1010100110011000, 0110101010011011, 5, 5
HIT, 953, 0101101010101000, 0110101010010111, 5, 5
HIT, 954, 0110011001100100, 1001101010011011, 3, 3
HIT, 955, 0110011001011000, 1001010110100111, 3, 3
HIT, 956, 0110010110011000, 0101011010011011, 3, 3
HIT, 957, 0101010110011000, 0110101001101011, 3, 3
HIT, 958, 1001100101101000, 0110100101101011, 5, 5
HIT, 959, 1001100101100100, 0101011001011011, 5, 5
HIT, 960, 0110100110100100, 1001011010010111, 4, 4
HIT, 961, 0101100101010100, 0110101001011011, 3, 3
HIT, 962, 0101100101101000, 0101101010011011, 4, 4
HIT, 963, 1010100110010100, 0101101001100111, 5, 5
HIT, 964, 0101010110011000, 1001011010100111, 3, 3
HIT, 965, 1001101010011000, 1001010110011011, 3, 3
HIT, 966, 0101101001011000, 0101011001101011, 3, 3
HIT, 967, 0110101001101000, 0101100101010111, 2, 2
HIT, 968, 0101011010101000, 0101101010010111, 5, 5
HIT, 969, 1010100110100100, 1010100101010111, 4, 4
HIT, 970, 0110011010010100, 1010011001011011, 3, 3
HIT, 971, 1010010101011000, 0101100101101011, 3, 3
HIT, 972, 0101010101011000, 1001100101100111, 3, 3
HIT, 973, 0101101010100100, 0101100110100111, 3, 3
HIT, 974, 0101011001010100, 1001010110100111, 4, 4
HIT, 975, 0110100110101000, 1010011010100111, 6, 6
HIT, 976, 0110011001101000, 1001011010100111, 3, 3
HIT, 977, 0110101001101000, 0101011010100111, 5, 5
HIT, 978, 0101101010010100, 0110011001010111, 3, 3
HIT, 979, 0101011010100100, 0110011001011011, 3, 3
HIT, 980, 0101100110101000, 0110100101011011, 3, 3
HIT, 981, 0110011010101000, 0101100110010111, 4, 4
HIT, 982, 0101010110100100, 1001100110010111, 2, 2
HIT, 983, 1001011010010100, 1001100110100111, 4, 4
HIT, 984, 0101011010100100, 1010010110100111, 4, 4
HIT, 985, 1010010101011000, 1001100110011011, 2, 2
HIT, 986, 0101011010101000, 0101011010101011, 7, 7
HIT, 987, 1001011010011000, 0110010101010111, 3, 3
HIT, 988, 1010011001010100, 1010101001101011, 4, 4
HIT, 989, 1010100110010100, 1010010101010111, 3, 3
HIT, 990, 1001100110011000, 1010011001100111, 6, 6
HIT, 991, 1001100101101000, 0110101001100111, 4, 4
HIT, 992, 1010011001100100, 1001101010011011, 4, 4
HIT, 993, 0110010110010100, 1001101001101011, 2, 2
HIT, 994, 1010010110011000, 1001010101010111, 3, 3
HIT, 995, 0101011010011000, 1010100101011011, 4, 4
HIT, 996, 0101011001010100, 1010011010011011, 2, 2
HIT, 997, 0101011010101000, 0101101001010111, 4, 4
HIT, 998, 1001100110100100, 1001100101010111, 4, 4
HIT, 999, 1010011001010100, 0110101001010111, 4, 4
HIT, 1000, 1010100101100100, 1010100110011011, 4, 4