outcome,test-no.,X,Y,expected-LCS,found-LCS
HIT,1,1010101010101000,1001100110011011,1,1
HIT,2,0101010101011000,1010101010100111,1,1
HIT,3,0101010101010100,0110101010100111,1,1
HIT,4,0101010101010100,1010011010100111,1,1
HIT,5,1010101010101000,0101011001010111,1,1
HIT,6,0101011001010100,1010101010101011,1,1
HIT,7,0101010101010100,0110011001101011,1,1
HIT,8,1001100110010100,1010101010101011,1,1
HIT,9,0110011010011000,0101010101010111,1,1
HIT,10,0110101010011000,0101010101010111,1,1
HIT,11,0101010101010100,1001101001100111,1,1
HIT,12,0110010110011000,1010101010101011,1,1
HIT,13,0101010101011000,1010101010101011,1,1
HIT,14,1001011001100100,1010101010101011,1,1
HIT,15,1010101010101000,0110011001100111,1,1
HIT,16,0110011010101000,0101010101010111,1,1
HIT,17,1010101010101000,0101100110011011,1,1
HIT,18,0101010101010100,1010101001100111,1,1
HIT,19,1010101010101000,1001100110010111,1,1
HIT,20,1010101010101000,0101011001100111,1,1
HIT,21,0101010101010100,1001101010011011,1,1
HIT,22,1010101010101000,1001100110010111,1,1
HIT,23,1001101010100100,0101010101010111,1,1
HIT,24,1010101010101000,1001010101010111,1,1
HIT,25,1010101010101000,0101100110011011,1,1
HIT,26,1001101010100100,0101010101010111,1,1
HIT,27,0110101010011000,0101010101010111,1,1
HIT,28,0101010101010100,0110100110011011,1,1
HIT,29,0101010101010100,1010011001100111,1,1
HIT,30,1010101010101000,1001010101011011,1,1
HIT,31,0101010101010100,0110100110011011,1,1
HIT,32,0101010101010100,0110100110011011,1,1
HIT,33,1010101010101000,1001100101100111,1,1
HIT,34,1001100110101000,0101010101010111,1,1
HIT,35,0110011001011000,1010101010101011,1,1
HIT,36,1010101010101000,0101010101011011,1,1
HIT,37,1001010101011000,1010101010101011,1,1
HIT,38,1001011001011000,1010101010101011,1,1
HIT,39,0101010101010100,1010011010101011,1,1
HIT,40,0101010101010100,0110100110101011,1,1
HIT,41,1001010101011000,1010101010101011,1,1
HIT,42,0110011001100100,1010101010101011,1,1
HIT,43,1001010101010100,1010101010101011,1,1
HIT,44,0101010101010100,0110101001101011,1,1
HIT,45,1010101010101000,0110011001010111,1,1
HIT,46,0101010101010100,1010011001101011,1,1
HIT,47,0101010101010100,0110100110011011,1,1
HIT,48,0101010101010100,1010011001101011,1,1
HIT,49,0101011001011000,1010101010101011,1,1
HIT,50,1010101010101000,0110010110011011,1,1
HIT,51,1001010110011000,1010101010101011,1,1
HIT,52,0101010101010100,1010101001101011,1,1
HIT,53,1010101010101000,1001100110011011,1,1
HIT,54,1010011010100100,0101010101010111,1,1
HIT,55,1010101010100100,0101010101011011,1,1
HIT,56,0101010101010100,1010100110100111,1,1
HIT,57,1001100101011000,1010101010101011,1,1
HIT,58,1001011001010100,1010101010101011,1,1
HIT,59,0110010101011000,1010101010101011,1,1
HIT,60,0101010101010100,0110101001101011,1,1
HIT,61,0101100110011000,1010101010101011,1,1
HIT,62,0110101010101000,0101010101010111,1,1
HIT,63,1010101010101000,0110010101011011,1,1
HIT,64,1010101010101000,0101010110010111,1,1
HIT,65,1010101010101000,0101100101011011,1,1
HIT,66,0101010101010100,0110101010011011,1,1
HIT,67,1010101010101000,1001100101100111,1,1
HIT,68,0101010101010100,1010101010011011,1,1
HIT,69,0110011001100100,0101010101010111,1,1
HIT,70,0101010101010100,0110011001100111,1,1
HIT,71,0110010110010100,1010101010101011,1,1
HIT,72,1010101010101000,1001100110011011,1,1
HIT,73,0110011001100100,1010101010101011,1,1
HIT,74,1001010101100100,1010101010101011,1,1
HIT,75,0101010101010100,0110101010100111,1,1
HIT,76,1001010101011000,1010101010101011,1,1
HIT,77,1010101010101000,0110010101011011,1,1
HIT,78,0101100101100100,1010101010101011,1,1
HIT,79,0101011001010100,1010101010101011,1,1
HIT,80,1010101010101000,1001010101100111,1,1
HIT,81,0101010101010100,0110101010101011,1,1
HIT,82,0110011001100100,1010101010101011,1,1
HIT,83,1001011001010100,1010101010101011,1,1
HIT,84,0110101010100100,0101010101010111,1,1
HIT,85,0101100110011000,1010101010101011,1,1
HIT,86,1010100110101000,0101010101010111,1,1
HIT,87,1001100110010100,1010101010101011,1,1
HIT,88,0110100110101000,0101010101010111,1,1
HIT,89,0110101010101000,1001010101010111,1,1
HIT,90,1001011001100100,1010101010101011,1,1
HIT,91,0101010101010100,1001100110100111,1,1
HIT,92,0101010101010100,1001101010100111,1,1
HIT,93,1010101010100100,0101010101011011,1,1
HIT,94,1001010101011000,1010101010101011,1,1
HIT,95,0101010101010100,1001100110100111,1,1
HIT,96,0110101010101000,0101010101010111,1,1
HIT,97,0101010101010100,0110011010100111,1,1
HIT,98,0101010101010100,1001100110100111,1,1
HIT,99,0101010101010100,1010101001100111,1,1
HIT,100,0110101010011000,0101010101010111,1,1
HIT,101,0101010101100100,1010101010101011,1,1
HIT,102,0101010101010100,1010101001100111,1,1
HIT,103,1001100110011000,0101010101010111,1,1
HIT,104,0110011001011000,1010101010101011,1,1
HIT,105,1001100110011000,0101010101010111,1,1
HIT,106,0110010101011000,1010101010101011,1,1
HIT,107,0101010101010100,1010100110100111,1,1
HIT,108,0101010101010100,1010100110100111,1,1
HIT,109,1001101010101000,0101010101010111,1,1
HIT,110,1001100110011000,1010101010101011,1,1
HIT,111,1010101010101000,1001011001011011,1,1
HIT,112,0101010101010100,0110100110101011,1,1
HIT,113,1010100110011000,0101010101010111,1,1
HIT,114,1010101010101000,0110011001010111,1,1
HIT,115,1010101010101000,0101010110011011,1,1
HIT,116,0110011010100100,0101010101010111,1,1
HIT,117,0101010101010100,1010011001101011,1,1
HIT,118,1010101010101000,1001011001100111,1,1
HIT,119,0101010101010100,0110011010011011,1,1
HIT,120,1010101010100100,0101010101011011,1,1
HIT,121,0101010101010100,0110101010101011,1,1
HIT,122,1010011001100100,0101010101010111,1,1
HIT,123,1010100110100100,0101010101010111,1,1
HIT,124,0101010101010100,1010011001101011,1,1
HIT,125,1010101010101000,1001100101011011,1,1
HIT,126,1010101010101000,0110010101011011,1,1
HIT,127,0101010101010100,1010011010011011,1,1
HIT,128,0110011010101000,0101010101010111,1,1
HIT,129,0110101010101000,0101010101010111,1,1
HIT,130,0110101001101000,0101010101010111,1,1
HIT,131,0110101001101000,0101010101010111,1,1
HIT,132,1010101010101000,0110010101010111,1,1
HIT,133,0101010101010100,1010100110011011,1,1
HIT,134,0101010101010100,0110011001101011,1,1
HIT,135,1010101010101000,0101010110011011,1,1
HIT,136,1001101010100100,0101010101010111,1,1
HIT,137,0101010101010100,1010011010011011,1,1
HIT,138,0110010101010100,1010101010101011,1,1
HIT,139,1010101010101000,0101011001010111,1,1
HIT,140,0110010101100100,1010101010101011,1,1
HIT,141,1010101010101000,0101010101011011,1,1
HIT,142,0101100101100100,1010101010101011,1,1
HIT,143,1010101010101000,0101011001100111,1,1
HIT,144,1001101001100100,0101010101010111,1,1
HIT,145,1010011001101000,0101010101010111,1,1
HIT,146,1001101001100100,0101010101010111,1,1
HIT,147,0110101010101000,1001010101010111,1,1
HIT,148,0101010110011000,1010101010101011,1,1
HIT,149,0110101001101000,0101010101010111,1,1
HIT,150,1001010101011000,1010101010101011,1,1
HIT,151,0101010101010100,1001100110011011,1,1
HIT,152,1010101010101000,0110011001010111,1,1
HIT,153,0110010110011000,1010101010101011,1,1
HIT,154,0101010101010100,0110101010100111,1,1
HIT,155,1010101010101000,0101011001011011,1,1
HIT,156,0101010101010100,0110011010100111,1,1
HIT,157,0110100110100100,0101010101010111,1,1
HIT,158,0101010101010100,1010011010100111,1,1
HIT,159,0101010101010100,1001100110101011,1,1
HIT,160,1010101010101000,1001010110010111,1,1
HIT,161,1001100110011000,1010101010101011,1,1
HIT,162,0110011010011000,0101010101010111,1,1
HIT,163,0101010110010100,1010101010101011,1,1
HIT,164,1010011001101000,0101010101010111,1,1
HIT,165,1001100110011000,0101010101010111,1,1
HIT,166,1010100110011000,0101010101010111,1,1
HIT,167,1001101001100100,0101010101010111,1,1
HIT,168,1010101010101000,1001100110010111,1,1
HIT,169,1001101010011000,0101010101010111,1,1
HIT,170,1010101010101000,0110010101100111,1,1
HIT,171,0110010101100100,1010101010101011,1,1
HIT,172,0110011010100100,0101010101010111,1,1
HIT,173,0110101001101000,0101010101010111,1,1
HIT,174,1010100110011000,0101010101010111,1,1
HIT,175,0110011010101000,0101010101010111,1,1
HIT,176,0101010101010100,1001100110011011,1,1
HIT,177,0101010101010100,1001100110100111,1,1
HIT,178,1010101010101000,0101011001100111,1,1
HIT,179,1001100110011000,0101010101010111,1,1
HIT,180,0110101010100100,0101010101010111,1,1
HIT,181,1010101010101000,0101010110011011,1,1
HIT,182,1010101010101000,1001010101010111,1,1
HIT,183,0101010101010100,1001101001100111,1,1
HIT,184,1001100101010100,1010101010101011,1,1
HIT,185,1001101010101000,0101010101010111,1,1
HIT,186,1001101001100100,0101010101010111,1,1
HIT,187,1001011001100100,1010101010101011,1,1
HIT,188,0101010101010100,0110100110011011,1,1
HIT,189,1010101010101000,1001011001011011,1,1
HIT,190,0101011001100100,1010101010101011,1,1
HIT,191,0101010101100100,1010101010101011,1,1
HIT,192,0101011001010100,1010101010101011,1,1
HIT,193,1010101010101000,1001011001100111,1,1
HIT,194,0101010101010100,1001101010100111,1,1
HIT,195,0101010101010100,0110101001101011,1,1
HIT,196,0110011010101000,0101010101010111,1,1
HIT,197,1010011001100100,0101010101010111,1,1
HIT,198,1010101010101000,0110010110010111,1,1
HIT,199,1010101010101000,1001011001011011,1,1
HIT,200,1010101010101000,0110011001010111,1,1
HIT,201,1010101010101000,0110011001011011,1,1
HIT,202,0101010101010100,1001100110101011,1,1
HIT,203,0101010101010100,0110101001100111,1,1
HIT,204,1001010101010100,0110101010101011,1,1
HIT,205,0101010101010100,1010100110101011,1,1
HIT,206,1010101010101000,1001011001011011,1,1
HIT,207,1001011001100100,1010101010101011,1,1
HIT,208,0110100110100100,0101010101010111,1,1
HIT,209,1010101010101000,0101100101100111,1,1
HIT,210,0101010101010100,0110011001101011,1,1
HIT,211,0101010101010100,0110101010101011,1,1
HIT,212,1010101010101000,1001011001100111,1,1
HIT,213,0110011001100100,0101010101010111,1,1
HIT,214,0101010101010100,0110011010011011,1,1
HIT,215,0101010101011000,1010101010100111,1,1
HIT,216,0110101010101000,1001010101010111,1,1
HIT,217,1001100101100100,1010101010101011,1,1
HIT,218,1001010101011000,1010101010101011,1,1
HIT,219,1010100110100100,0101010101010111,1,1
HIT,220,0101010101010100,1010011010100111,1,1
HIT,221,1001100101100100,1010101010101011,1,1
HIT,222,1010011001100100,0101010101010111,1,1
HIT,223,0110010101100100,1010101010101011,1,1
HIT,224,1010101001100100,0101010101010111,1,1
HIT,225,0110010110011000,1010101010101011,1,1
HIT,226,0101010101010100,1010101001100111,1,1
HIT,227,1010101010101000,1001010101011011,1,1
HIT,228,0101010101010100,0110101001101011,1,1
HIT,229,0110010101010100,1010101010101011,1,1
HIT,230,0101100110010100,1010101010101011,1,1
HIT,231,0101100110010100,1010101010101011,1,1
HIT,232,1010101010101000,0101011001010111,1,1
HIT,233,0110010110010100,1010101010101011,1,1
HIT,234,0101010110010100,1010101010101011,1,1
HIT,235,1010011010101000,0101010101010111,1,1
HIT,236,1010101010101000,1001011001011011,1,1
HIT,237,0110010110011000,1010101010101011,1,1
HIT,238,0101100101010100,1010101010101011,1,1
HIT,239,0110011010011000,0101010101010111,1,1
HIT,240,1010101010101000,0101100101011011,1,1
HIT,241,0101010101010100,0110101010011011,1,1
HIT,242,0110011010100100,0101010101010111,1,1
HIT,243,1001010101010100,0110101010101011,1,1
HIT,244,0101100110010100,1010101010101011,1,1
HIT,245,0110010101100100,1010101010101011,1,1
HIT,246,0101010101010100,1010100110011011,1,1
HIT,247,0101010101010100,0110101001100111,1,1
HIT,248,1010101010101000,1001011001010111,1,1
HIT,249,1001100110101000,0101010101010111,1,1
HIT,250,0101010101010100,1001100110011011,1,1
HIT,251,1010011001100100,0101010101010111,1,1
HIT,252,1001010110011000,1010101010101011,1,1
HIT,253,1010101010101000,1001100101011011,1,1
HIT,254,1010101010101000,1001010110010111,1,1
HIT,255,0101011001011000,1010101010101011,1,1
HIT,256,0110101001100100,0101010101010111,1,1
HIT,257,0101010101010100,0110011010100111,1,1
HIT,258,0101011001100100,1010101010101011,1,1
HIT,259,0110101010101000,0101010101010111,1,1
HIT,260,1001101010100100,0101010101010111,1,1
HIT,261,0101010101010100,0110100110011011,1,1
HIT,262,0110010101010100,1010101010101011,1,1
HIT,263,0101010101010100,0110101010011011,1,1
HIT,264,0110101001100100,0101010101010111,1,1
HIT,265,0101010101010100,0110011001100111,1,1
HIT,266,1010101010101000,0101100101011011,1,1
HIT,267,0110011001100100,1010101010101011,1,1
HIT,268,1001011001011000,1010101010101011,1,1
HIT,269,0110100110011000,0101010101010111,1,1
HIT,270,1010101001101000,0101010101010111,1,1
HIT,271,1001101010011000,0101010101010111,1,1
HIT,272,1001010101010100,0110101010101011,1,1
HIT,273,1010101010011000,0101010101010111,1,1
HIT,274,1010101010101000,1001100110011011,1,1
HIT,275,1010100110101000,0101010101010111,1,1
HIT,276,1010101010101000,1001011001100111,1,1
HIT,277,0101010101010100,1010101010100111,1,1
HIT,278,0101010101010100,1010011001101011,1,1
HIT,279,1010101010101000,1001010101011011,1,1
HIT,280,1010101010101000,0101010110010111,1,1
HIT,281,1010101010100100,0101010101011011,1,1
HIT,282,0101010101010100,1010101001100111,1,1
HIT,283,1010101010101000,1001100101100111,1,1
HIT,284,1001100110101000,0101010101010111,1,1
HIT,285,1010101010101000,0101011001010111,1,1
HIT,286,1010100110100100,0101010101010111,1,1
HIT,287,0101010101010100,0110011010011011,1,1
HIT,288,0101010101011000,1010101010101011,1,1
HIT,289,1001101001100100,0101010101010111,1,1
HIT,290,1010101010101000,1001100101011011,1,1
HIT,291,0110011001101000,0101010101010111,1,1
HIT,292,1010101010101000,0101011001010111,1,1
HIT,293,0110010110010100,1010101010101011,1,1
HIT,294,0101010101010100,1010101001100111,1,1
HIT,295,1010101010101000,0110010101100111,1,1
HIT,296,1001101001100100,0101010101010111,1,1
HIT,297,0110011010100100,0101010101010111,1,1
HIT,298,0101010101010100,0110101010011011,1,1
HIT,299,0101010101010100,0110011010101011,1,1
HIT,300,1010011010100100,0101010101010111,1,1
HIT,301,0110101010100100,0110010101010111,2,2
HIT,302,0110101001101000,0101010101100111,2,2
HIT,303,1001011001011000,1010011010100111,2,2
HIT,304,0101010101010100,0101101010010111,2,2
HIT,305,0101010101011000,0110011010101011,2,2
HIT,306,0110101010101000,1010011001011011,2,2
HIT,307,0110100110011000,1001010101011011,2,2
HIT,308,0110010110101000,0101010101010111,2,2
HIT,309,0110101010100100,0101011001010111,2,2
HIT,310,1001010101011000,1010100110101011,2,2
HIT,311,1010101010100100,0110011001100111,2,2
HIT,312,0101010110010100,1001101010011011,2,2
HIT,313,1001101001100100,1001010101011011,2,2
HIT,314,0110101001101000,1001011001011011,2,2
HIT,315,0101010101011000,0110100110100111,2,2
HIT,316,0101010101010100,1010011010010111,2,2
HIT,317,1001101001100100,0101010101011011,2,2
HIT,318,1001101010011000,0101010101100111,2,2
HIT,319,0110100110101000,1001010101010111,2,2
HIT,320,0101010101100100,0110101010010111,2,2
HIT,321,0101010101011000,1001101010101011,2,2
HIT,322,1010011010011000,1001010101011011,2,2
HIT,323,0110101010101000,1010010101011011,2,2
HIT,324,1010100110100100,0101010101011011,2,2
HIT,325,0101100101100100,0110101010100111,2,2
HIT,326,1010101010100100,0101100101101011,2,2
HIT,327,1001100110010100,0101011010100111,2,2
HIT,328,0101010101010100,0110010110101011,2,2
HIT,329,0110010101010100,1010100110101011,2,2
HIT,330,0101011010100100,0110011001100111,2,2
HIT,331,0110101010100100,0110010101010111,2,2
HIT,332,0101100101010100,1010011010011011,2,2
HIT,333,0101010101010100,0101101010010111,2,2
HIT,334,0101010110010100,1010101010011011,2,2
HIT,335,0110101010101000,1001100110010111,2,2
HIT,336,1010011001100100,1001010101011011,2,2
HIT,337,1001101010011000,0101100101011011,2,2
HIT,338,0110101010011000,1001010101011011,2,2
HIT,339,0110100110100100,0110010110010111,2,2
HIT,340,0110011001101000,1001010101011011,2,2
HIT,341,0110101010100100,0110011001010111,2,2
HIT,342,0101101001101000,0110010101010111,2,2
HIT,343,0101010101101000,1010100110010111,2,2
HIT,344,1010011001010100,0101101010101011,2,2
HIT,345,1010101010101000,0101010110100111,2,2
HIT,346,0101010101100100,1010101010010111,2,2
HIT,347,0110100110100100,0101100101011011,2,2
HIT,348,1001101010101000,0101100101100111,2,2
HIT,349,1001011001011000,0110101010101011,2,2
HIT,350,0101010101010100,0101100101100111,2,2
HIT,351,1010011001011000,1010101010101011,2,2
HIT,352,0101010101010100,1010010110011011,2,2
HIT,353,1001101010100100,0101010101100111,2,2
HIT,354,1001101010011000,1001011001010111,2,2
HIT,355,0101010101011000,0110101001100111,2,2
HIT,356,0110010101010100,1010101001101011,2,2
HIT,357,0101100101100100,1010100110100111,2,2
HIT,358,0110010110010100,1010011010011011,2,2
HIT,359,0101100101100100,1010011010101011,2,2
HIT,360,0101010101010100,1001011010101011,2,2
HIT,361,1001010101011000,1001100110101011,2,2
HIT,362,1010100101010100,0101100110011011,2,2
HIT,363,0110010101100100,1010011010100111,2,2
HIT,364,0101101010010100,1001100110011011,2,2
HIT,365,0110011001100100,0110101001010111,2,2
HIT,366,0110010101011000,1001101001101011,2,2
HIT,367,0101100101011000,0110100110100111,2,2
HIT,368,1001100110101000,0101010101011011,2,2
HIT,369,0110100110101000,0101010101011011,2,2
HIT,370,0110010101100100,1001101001101011,2,2
HIT,371,1010101010011000,1001011001011011,2,2
HIT,372,1001101010101000,1001011001011011,2,2
HIT,373,0101010101100100,1001101010011011,2,2
HIT,374,1010101010101000,0101101001100111,2,2
HIT,375,0110011001100100,0110101001011011,2,2
HIT,376,0110101010100100,1001010110010111,2,2
HIT,377,1001011001010100,1010100110100111,2,2
HIT,378,1010101001100100,1001010101011011,2,2
HIT,379,0101011010101000,1001100110011011,2,2
HIT,380,1001100110011000,0101010110100111,2,2
HIT,381,0110101010101000,1001010110011011,2,2
HIT,382,1001101010101000,1010010110010111,2,2
HIT,383,1001101010101000,0110010101011011,2,2
HIT,384,1010101010101000,1001100101101011,2,2
HIT,385,0101101001011000,0110011001100111,2,2
HIT,386,0110010101011000,0110101001101011,2,2
HIT,387,0101010101010100,1010101001011011,2,2
HIT,388,0101010101101000,1010101010010111,2,2
HIT,389,1001101010101000,0101100101100111,2,2
HIT,390,1001101001101000,1001010101010111,2,2
HIT,391,0110010101100100,1010101010100111,2,2
HIT,392,0101010101011000,1001100110010111,2,2
HIT,393,1001100110010100,0101010101101011,2,2
HIT,394,1010100110100100,0101100101010111,2,2
HIT,395,1010011010101000,1001010101010111,2,2
HIT,396,1010011010101000,0110010101010111,2,2
HIT,397,0110101010011000,0101010110010111,2,2
HIT,398,1010011010011000,0101100101010111,2,2
HIT,399,0110101010010100,0101010101100111,2,2
HIT,400,0101010101010100,0101100101100111,2,2
HIT,401,0110010101100100,1001101010101011,2,2
HIT,402,0110011010011000,1001010101010111,2,2
HIT,403,1001101010100100,0101011001011011,2,2
HIT,404,0110010101100100,0110101010011011,2,2
HIT,405,0110101001011000,1001100110011011,2,2
HIT,406,0101100110010100,0101010101010111,2,2
HIT,407,0101010101100100,1010011010011011,2,2
HIT,408,0101101010100100,1001100101010111,2,2
HIT,409,1010010101101000,1010101010101011,2,2
HIT,410,1001010101100100,1010101010100111,2,2
HIT,411,0101101010101000,1001010101010111,2,2
HIT,412,1010101010010100,0101010101010111,2,2
HIT,413,0110101001101000,1001010101010111,2,2
HIT,414,0101101010011000,1001010101010111,2,2
HIT,415,1001100101010100,0110101010101011,2,2
HIT,416,1001010101010100,0101100110101011,2,2
HIT,417,1001100101101000,1010101010101011,2,2
HIT,418,1010101010010100,0101011001101011,2,2
HIT,419,1001011001011000,0101010101010111,2,2
HIT,420,1010101010100100,0101011001010111,2,2
HIT,421,0110011001101000,1010010101010111,2,2
HIT,422,0101010101101000,1010100110010111,2,2
HIT,423,0101010101100100,1010011010101011,2,2
HIT,424,1001010101010100,1010100110101011,2,2
HIT,425,0110101001101000,1001011001010111,2,2
HIT,426,1001101010100100,0101100101100111,2,2
HIT,427,1010010101101000,1001100110011011,2,2
HIT,428,0110010101011000,1001101001101011,2,2
HIT,429,1010011010011000,1001011001011011,2,2
HIT,430,0101010101010100,1010100101101011,2,2
HIT,431,0101010110101000,0110011001100111,2,2
HIT,432,1001101010010100,0101010101010111,2,2
HIT,433,0110010101011000,1001101001101011,2,2
HIT,434,0101011010101000,1001100110011011,2,2
HIT,435,1001100110011000,0101010101011011,2,2
HIT,436,0110011001100100,0101101010010111,2,2
HIT,437,0110011001100100,1001010101101011,2,2
HIT,438,0101010101010100,1010100101100111,2,2
HIT,439,0101100101100100,1010011010101011,2,2
HIT,440,0110011001100100,0101011010100111,2,2
HIT,441,1010100110101000,0101011001011011,2,2
HIT,442,1010101010011000,1001010110010111,2,2
HIT,443,0101010101101000,1010101010011011,2,2
HIT,444,0110011001100100,0101011010101011,2,2
HIT,445,1001010101011000,0110011010100111,2,2
HIT,446,1010011001100100,1001010101010111,2,2
HIT,447,0101100101011000,0110100110101011,2,2
HIT,448,1010011001100100,1001011010101011,2,2
HIT,449,0101101010101000,1010011001010111,2,2
HIT,450,0110010101011000,1001101010100111,2,2
HIT,451,0110011001100100,0101101001011011,2,2
HIT,452,0110011001100100,0101011010100111,2,2
HIT,453,0101010101010100,1001011010011011,2,2
HIT,454,0101100110011000,0110101001010111,2,2
HIT,455,1001100110011000,0110101010010111,2,2
HIT,456,1010100110100100,1001011001010111,2,2
HIT,457,1010011010011000,0101011001011011,2,2
HIT,458,0110100101101000,1010101010101011,2,2
HIT,459,0110101010101000,0101010110010111,2,2
HIT,460,0101010110010100,1010101001101011,2,2
HIT,461,1010101010101000,0101101001011011,2,2
HIT,462,0101010101010100,1001101001011011,2,2
HIT,463,0101100101010100,1001101010100111,2,2
HIT,464,1001010101010100,1010100110100111,2,2
HIT,465,0110100110100100,1001011001010111,2,2
HIT,466,0110011010101000,1010010101010111,2,2
HIT,467,0110010101011000,1010101001101011,2,2
HIT,468,0110010101101000,1010101010100111,2,2
HIT,469,0110101010100100,0101011001100111,2,2
HIT,470,0110100110100100,1001010101011011,2,2
HIT,471,1010010101011000,1001101010101011,2,2
HIT,472,0110101010101000,0101100101010111,2,2
HIT,473,1001101010100100,0101010101100111,2,2
HIT,474,1001010101011000,1001101001101011,2,2
HIT,475,0101010101010100,1001011001011011,2,2
HIT,476,1010100110101000,1001011001011011,2,2
HIT,477,0101010101010100,1001011001100111,2,2
HIT,478,1010011010011000,0110010110010111,2,2
HIT,479,1001100110011000,0110100101010111,2,2
HIT,480,0110100110101000,0101100101010111,2,2
HIT,481,0110011001101000,1010101010100111,2,2
HIT,482,1001010101011000,1010101010100111,2,2
HIT,483,1010101010011000,1001010101011011,2,2
HIT,484,1010101010101000,0101010101101011,2,2
HIT,485,0101101010010100,0101010101010111,2,2
HIT,486,1001010101010100,0110100110100111,2,2
HIT,487,1001010110010100,1010011010101011,2,2
HIT,488,0101010101100100,0110101010011011,2,2
HIT,489,1010011001100100,1001010101011011,2,2
HIT,490,0110101010101000,0101011001010111,2,2
HIT,491,0110010110010100,0110101010101011,2,2
HIT,492,0110101010011000,0101010110010111,2,2
HIT,493,0101100110011000,1010100101010111,2,2
HIT,494,1001101001101000,1001011001011011,2,2
HIT,495,1010011010101000,0101010110010111,2,2
HIT,496,1001010101010100,1010011001100111,2,2
HIT,497,1010010110011000,0110101010101011,2,2
HIT,498,0101100101011000,1001101001101011,2,2
HIT,499,1001101010101000,0110010110010111,2,2
HIT,500,0110100101010100,1001100110011011,2,2
HIT,501,0110100110100100,0110010101011011,2,2
HIT,502,0101100101011000,1001101010100111,2,2
HIT,503,1010101010010100,0101010101010111,2,2
HIT,504,1001010101100100,0110100110100111,2,2
HIT,505,1001010101100100,1001101010101011,2,2
HIT,506,1001100110011000,1010101001011011,2,2
HIT,507,1010101010101000,0110100101100111,2,2
HIT,508,1010010101011000,1001101010101011,2,2
HIT,509,1001100110101000,1010010101011011,2,2
HIT,510,0110010101100100,1001101010100111,2,2
HIT,511,0110101010011000,1001010101010111,2,2
HIT,512,0110011001101000,1001010101011011,2,2
HIT,513,1010011010011000,0110010101100111,2,2
HIT,514,1010011010011000,0101100101011011,2,2
HIT,515,0110101010101000,1001010101011011,2,2
HIT,516,1001011010101000,1001100110011011,2,2
HIT,517,1010101010100100,1001100101010111,2,2
HIT,518,0101010110100100,0110011001100111,2,2
HIT,519,1010011010101000,0110010101011011,2,2
HIT,520,1010101010101000,0110100101101011,2,2
HIT,521,0110100110100100,1010101010101011,2,2
HIT,522,0101100110010100,0110101010100111,2,2
HIT,523,1001100110011000,1001011010100111,2,2
HIT,524,1001100110010100,0101011010101011,2,2
HIT,525,0101100101011000,1010011010101011,2,2
HIT,526,1010011010011000,1001010101100111,2,2
HIT,527,1010100110101000,0101100101010111,2,2
HIT,528,1001101010101000,0101010110010111,2,2
HIT,529,1010011010011000,0110010101011011,2,2
HIT,530,1001100110010100,0101010110101011,2,2
HIT,531,0101010101010100,1010011001011011,2,2
HIT,532,0101101010101000,1001010101010111,2,2
HIT,533,0110101010010100,1001100110011011,2,2
HIT,534,1010100110010100,0101010101011011,2,2
HIT,535,1001010101101000,1001100110011011,2,2
HIT,536,0110010101010100,0110101010011011,2,2
HIT,537,1001010101101000,1001100110011011,2,2
HIT,538,1001010110101000,0110011001100111,2,2
HIT,539,0101010101010100,0101101010010111,2,2
HIT,540,0101010101010100,1001011010011011,2,2
HIT,541,1001010101100100,0110101010011011,2,2
HIT,542,0110101010100100,1001011001100111,2,2
HIT,543,0110101010100100,1001010101011011,2,2
HIT,544,0110100110101000,0101100101011011,2,2
HIT,545,1010011010101000,1001011001010111,2,2
HIT,546,0101010101101000,1010100110010111,2,2
HIT,547,0101100101011000,0110101001101011,2,2
HIT,548,1001010101011000,1001100110100111,2,2
HIT,549,1001010101011000,1001100110100111,2,2
HIT,550,0101010101100100,1010011010010111,2,2
HIT,551,1001010101100100,1001101010011011,2,2
HIT,552,0101011010101000,1001100110010111,2,2
HIT,553,1001010110011000,0110101010100111,2,2
HIT,554,1010101001101000,0101011001010111,2,2
HIT,555,1010010101100100,1010101010101011,2,2
HIT,556,0110101010101000,1001100101100111,2,2
HIT,557,0101010101010100,0101100110010111,2,2
HIT,558,1001010101100100,1010011010011011,2,2
HIT,559,1010101010100100,0101010110011011,2,2
HIT,560,1010100110101000,0101010101011011,2,2
HIT,561,0110101010011000,1001010101010111,2,2
HIT,562,0101100101100100,1001101010101011,2,2
HIT,563,0101010101101000,1010101001100111,2,2
HIT,564,0101100101010100,0110101010011011,2,2
HIT,565,1010010110100100,1010101010101011,2,2
HIT,566,0101100101100100,0110101001101011,2,2
HIT,567,0101101001101000,0110010101010111,2,2
HIT,568,0110101001101000,1001011001010111,2,2
HIT,569,1001011001011000,0110100110100111,2,2
HIT,570,0101100101010100,1001101001101011,2,2
HIT,571,0101010110010100,1010100110101011,2,2
HIT,572,0101100110011000,1010100101010111,2,2
HIT,573,1010101001101000,0101011001010111,2,2
HIT,574,0101100101010100,1001101001101011,2,2
HIT,575,1010101010100100,0110010110010111,2,2
HIT,576,0101010101011000,0110101010011011,2,2
HIT,577,0101100101100100,1001101010100111,2,2
HIT,578,0110011001010100,0110101010101011,2,2
HIT,579,1001011001100100,1010101010100111,2,2
HIT,580,1001101010011000,1001010101011011,2,2
HIT,581,1010011010101000,0101011001011011,2,2
HIT,582,0110100110011000,1001010101011011,2,2
HIT,583,0101101001100100,1001010101010111,2,2
HIT,584,0110101010101000,0101010101100111,2,2
HIT,585,1010101010011000,0101100101101011,2,2
HIT,586,0110100110100100,0110010110010111,2,2
HIT,587,1001100110101000,0101010101011011,2,2
HIT,588,1001010101100100,0110101010011011,2,2
HIT,589,0110100110100100,0101011001011011,2,2
HIT,590,0110101010100100,0101010101011011,2,2
HIT,591,0101010101011000,0110101010010111,2,2
HIT,592,0110100110011000,0101010101011011,2,2
HIT,593,0101100101100100,0110101001101011,2,2
HIT,594,0110100110100100,1001011001011011,2,2
HIT,595,1010101010100100,0110011001011011,2,2
HIT,596,0101011010100100,1001100110011011,2,2
HIT,597,1010011010011000,0110010101010111,2,2
HIT,598,1001101010101000,0101100101010111,2,2
HIT,599,0110100101010100,0101100110011011,2,2
HIT,600,0101100110101000,0101010101010111,2,2
HIT,601,1010011001011000,0101010110100111,3,3
HIT,602,1001101001101000,0101011010101011,3,3
HIT,603,0110100110011000,0101101010101011,3,3
HIT,604,1001011010101000,1001010110010111,3,3
HIT,605,1001011001010100,0101011010101011,3,3
HIT,606,0110011001011000,1010100101011011,3,3
HIT,607,0101100110100100,1010101001011011,3,3
HIT,608,0101101001010100,0101010101100111,3,3
HIT,609,0110010101011000,0101101001011011,3,3
HIT,610,1010010101101000,0110011010100111,3,3
HIT,611,0110101001101000,0101011010010111,3,3
HIT,612,0110011001010100,1001101001011011,3,3
HIT,613,0101011010101000,0110011001011011,3,3
HIT,614,1010011010101000,0101100110011011,3,3
HIT,615,1001010110011000,0110101001100111,3,3
HIT,616,0101010110010100,1010011010010111,3,3
HIT,617,1001010101010100,1001011001011011,3,3
HIT,618,0101100110100100,0110010110101011,3,3
HIT,619,1010011010100100,1001100101011011,3,3
HIT,620,1010100101011000,0110010110100111,3,3
HIT,621,0110010110101000,1010101010010111,3,3
HIT,622,1001100110100100,0101101010011011,3,3
HIT,623,1001100110011000,1001010110010111,3,3
HIT,624,1001101010101000,1001011001100111,3,3
HIT,625,1001101010011000,0101010101101011,3,3
HIT,626,0101100101011000,0110101001100111,3,3
HIT,627,1010100101100100,0110011010011011,3,3
HIT,628,1010010110101000,1010011010011011,3,3
HIT,629,0101101010011000,0101011001100111,3,3
HIT,630,0110010101010100,0101011001100111,3,3
HIT,631,0110010110011000,1001010110101011,3,3
HIT,632,1001010101011000,0110100110010111,3,3
HIT,633,0101100101011000,1001100110011011,3,3
HIT,634,0110100110101000,1010010110010111,3,3
HIT,635,0110100110101000,0110010101101011,3,3
HIT,636,1010101001100100,1001101001010111,3,3
HIT,637,1001011001101000,0110100110010111,3,3
HIT,638,1001010101100100,0110011010010111,3,3
HIT,639,0101100101101000,0110101001010111,3,3
HIT,640,1010100110011000,1010010101100111,3,3
HIT,641,1001101010100100,0110100101011011,3,3
HIT,642,1001100101011000,1010010110101011,3,3
HIT,643,1001100101010100,0101100110101011,3,3
HIT,644,1001101001010100,1010011001011011,3,3
HIT,645,0101011001010100,0110011010010111,3,3
HIT,646,0101011010101000,1001011001100111,3,3
HIT,647,0110100110100100,1001100110010111,3,3
HIT,648,1010101010011000,0110100101011011,3,3
HIT,649,0101100110100100,1010010101010111,3,3
HIT,650,0110101010100100,0110100110011011,3,3
HIT,651,1001101010011000,1001100110010111,3,3
HIT,652,0101100110011000,0101011010100111,3,3
HIT,653,0110101001101000,0110011001010111,3,3
HIT,654,0101101001011000,1001010110011011,3,3
HIT,655,0110011010010100,0101101010100111,3,3
HIT,656,1010010110100100,0101100110101011,3,3
HIT,657,0101011001010100,1001101001100111,3,3
HIT,658,0101011010011000,1001011001100111,3,3
HIT,659,1001101010011000,0110010110011011,3,3
HIT,660,0101101001100100,0101010101011011,3,3
HIT,661,0101010101100100,0101101010011011,3,3
HIT,662,1010101001010100,1001011001100111,3,3
HIT,663,0101100101011000,1010010110101011,3,3
HIT,664,0101101001010100,1001011001101011,3,3
HIT,665,1010101010100100,0101100110100111,3,3
HIT,666,0101101010010100,1001010101100111,3,3
HIT,667,1010101010010100,0110011001011011,3,3
HIT,668,0110011010100100,0101100101101011,3,3
HIT,669,0110100110100100,1001100101011011,3,3
HIT,670,1001011001101000,0101101010010111,3,3
HIT,671,0101010110100100,0110101001010111,3,3
HIT,672,1010011010101000,1001100101101011,3,3
HIT,673,1001010110010100,1001011010100111,3,3
HIT,674,0110011001010100,1001011010011011,3,3
HIT,675,1010101001100100,0110010110101011,3,3
HIT,676,1010010101011000,0110100110101011,3,3
HIT,677,0110100101010100,0101101010011011,3,3
HIT,678,1010010110101000,1010011001101011,3,3
HIT,679,0101100101100100,0101011010100111,3,3
HIT,680,1001100110100100,0101101010100111,3,3
HIT,681,1001100110101000,1010101010010111,3,3
HIT,682,1010011001100100,1010101001011011,3,3
HIT,683,1010010101100100,0101101001100111,3,3
HIT,684,0101010110010100,0110011010101011,3,3
HIT,685,0110011010010100,1001100101010111,3,3
HIT,686,1010100101011000,0110011001011011,3,3
HIT,687,0101101010010100,0101100110100111,3,3
HIT,688,0101101010101000,1010100101010111,3,3
HIT,689,0101010110010100,0101101001100111,3,3
HIT,690,0110101001010100,1010101010101011,3,3
HIT,691,0110011010010100,1010100110010111,3,3
HIT,692,1001100101100100,1010011010010111,3,3
HIT,693,0110011001010100,0101101010010111,3,3
HIT,694,1010010101101000,0110101010100111,3,3
HIT,695,0110100110011000,1001101010101011,3,3
HIT,696,1001011001011000,1001100110100111,3,3
HIT,697,0101100110011000,0101101010010111,3,3
HIT,698,1010011001100100,0110100101010111,3,3
HIT,699,1010010110010100,1001010101101011,3,3
HIT,700,1001010110101000,1010100110011011,3,3
HIT,701,0110100110011000,1010010101011011,3,3
HIT,702,0101010110011000,1010010110100111,3,3
HIT,703,1001100110101000,0110010101011011,3,3
HIT,704,1001010101011000,0101101010011011,3,3
HIT,705,0110011010101000,0101010101100111,3,3
HIT,706,0110011010010100,1001010110010111,3,3
HIT,707,0110101001011000,0101011001010111,3,3
HIT,708,1010101010010100,1001010101010111,3,3
HIT,709,0110101010100100,1001101001010111,3,3
HIT,710,1001010110011000,1010011010101011,3,3
HIT,711,1001010101100100,1001100101101011,3,3
HIT,712,1010100110010100,1001010101100111,3,3
HIT,713,1010011001010100,0101010110100111,3,3
HIT,714,0101100101101000,0110101001010111,3,3
HIT,715,1010011010100100,1010010101100111,3,3
HIT,716,1001101010100100,1010010101100111,3,3
HIT,717,1001101001101000,0101101010100111,3,3
HIT,718,1001101001100100,1001010101101011,3,3
HIT,719,0101101010100100,0101100101010111,3,3
HIT,720,1010011001100100,0110100101100111,3,3
HIT,721,0101101001011000,1001101010101011,3,3
HIT,722,0101011001100100,1010101001101011,3,3
HIT,723,0110010110101000,0101011001101011,3,3
HIT,724,1001100110010100,0110100101010111,3,3
HIT,725,0110100110100100,1010101010010111,3,3
HIT,726,0101010110010100,1001100110101011,3,3
HIT,727,1001011010101000,1001100101011011,3,3
HIT,728,1010101001011000,0101011001101011,3,3
HIT,729,0110100110010100,0110011010101011,3,3
HIT,730,1010011010011000,0110101010100111,3,3
HIT,731,1010010101100100,1010101001101011,3,3
HIT,732,1010010101011000,1001011001011011,3,3
HIT,733,1010100101100100,1001010101101011,3,3
HIT,734,0110100101101000,1010011010101011,3,3
HIT,735,0101101001011000,1001100110101011,3,3
HIT,736,0110011001101000,1010100101101011,3,3
HIT,737,0101010101010100,0101101001010111,3,3
HIT,738,1010011001011000,1001101010010111,3,3
HIT,739,1001100101101000,1001101010101011,3,3
HIT,740,0110011010011000,0110010101011011,3,3
HIT,741,0101100101101000,1001101010101011,3,3
HIT,742,0110011001011000,0110101001010111,3,3
HIT,743,1010101010101000,1001101010010111,3,3
HIT,744,0110100110011000,0110101001010111,3,3
HIT,745,1001101010010100,1001100101100111,3,3
HIT,746,1001011001100100,1001010101010111,3,3
HIT,747,0101101010011000,0110010101011011,3,3
HIT,748,1010010101010100,0101011001100111,3,3
HIT,749,0101100110101000,1001100101010111,3,3
HIT,750,1001011001011000,1010101010010111,3,3
HIT,751,1010011001011000,1010101010010111,3,3
HIT,752,0101101001010100,1010011010101011,3,3
HIT,753,0101101001100100,0101010101100111,3,3
HIT,754,0110100110100100,0110011001100111,3,3
HIT,755,0101100101101000,1010100101010111,3,3
HIT,756,0101100110011000,0110010101101011,3,3
HIT,757,1010101001101000,0101100101101011,3,3
HIT,758,1001101001010100,0110010110010111,3,3
HIT,759,1010100101010100,0110011010011011,3,3
HIT,760,1001100101101000,0101100110101011,3,3
HIT,761,1010011010010100,0101100110010111,3,3
HIT,762,1010010101010100,0110010110101011,3,3
HIT,763,0110101010101000,1001100101101011,3,3
HIT,764,0101010110100100,0101100110101011,3,3
HIT,765,1010100110010100,1010010101100111,3,3
HIT,766,1010101001101000,0110100101010111,3,3
HIT,767,0101100110100100,1010101001010111,3,3
HIT,768,0110011001010100,0101010101100111,3,3
HIT,769,1010010101101000,1010011001100111,3,3
HIT,770,1010010101011000,1001101010100111,3,3
HIT,771,0101011010100100,1001101001101011,3,3
HIT,772,0110100110100100,0101101010100111,3,3
HIT,773,0110011001011000,1001101001010111,3,3
HIT,774,0101011001011000,0110011010101011,3,3
HIT,775,1001010110101000,1010101001011011,3,3
HIT,776,1001101001101000,1001100101100111,3,3
HIT,777,1001011010010100,1010100110011011,3,3
HIT,778,1010100101011000,1010011001100111,3,3
HIT,779,0110101010010100,0110100110010111,3,3
HIT,780,1001101010101000,1001011010011011,3,3
HIT,781,0101101010011000,0110100101100111,3,3
HIT,782,0110100110011000,1010101010100111,3,3
HIT,783,1010010101101000,1001011001100111,3,3
HIT,784,1010100101100100,0110011001010111,3,3
HIT,785,0110011001101000,0110101010010111,3,3
HIT,786,0110010110100100,1001010101011011,3,3
HIT,787,0101010101011000,0110101001011011,3,3
HIT,788,0101010101101000,1001101010011011,3,3
HIT,789,1001011010011000,1001010110011011,3,3
HIT,790,1010011001101000,1001011001011011,3,3
HIT,791,0101010101101000,0110011010101011,3,3
HIT,792,1001011010011000,0110011001010111,3,3
HIT,793,1010101001010100,0101100110010111,3,3
HIT,794,1001011001011000,0101101010011011,3,3
HIT,795,0110011001010100,0101011010101011,3,3
HIT,796,1010011010101000,0110011001010111,3,3
HIT,797,1010010110011000,1010101010011011,3,3
HIT,798,1001011001010100,0101010101011011,3,3
HIT,799,1001011001100100,1010011010101011,3,3
HIT,800,0101011010010100,1010101001100111,3,3
HIT,801,1001010101100100,1010011001011011,3,3
HIT,802,0110011001010100,0110101001011011,3,3
HIT,803,0101101001010100,1001011001011011,3,3
HIT,804,0110011010011000,0110010110010111,3,3
HIT,805,0110010101010100,1001011010101011,3,3
HIT,806,0101101001100100,1010010101010111,3,3
HIT,807,0110100101011000,0101100110010111,3,3
HIT,808,1001010110010100,0110011010101011,3,3
HIT,809,1010101001010100,0101010110101011,3,3
HIT,810,1001011010101000,0110011010010111,3,3
HIT,811,1001010101100100,1010011010010111,3,3
HIT,812,0110100110100100,1001010110101011,3,3
HIT,813,0110011010011000,1001100101010111,3,3
HIT,814,0101100101010100,1001011010100111,3,3
HIT,815,0101010110011000,1010010110101011,3,3
HIT,816,1001011010100100,1010011001010111,3,3
HIT,817,1010010110100100,0110101010100111,3,3
HIT,818,0110010110101000,1010101001100111,3,3
HIT,819,0101100101100100,1010101010010111,3,3
HIT,820,0101010101011000,1010011001011011,3,3
HIT,821,0110100101101000,1010011001101011,3,3
HIT,822,0110010110101000,0101100110011011,3,3
HIT,823,1010101001010100,0101011010011011,3,3
HIT,824,1010100101100100,1001101001100111,3,3
HIT,825,0110010110100100,0110101010011011,3,3
HIT,826,0101100101100100,1010010101101011,3,3
HIT,827,0101101001101000,0110101010010111,3,3
HIT,828,1010101001100100,1010010110100111,3,3
HIT,829,0110010101011000,1010011010010111,3,3
HIT,830,0110010101010100,1010101010010111,3,3
HIT,831,1010100101010100,0110010110010111,3,3
HIT,832,0101100110011000,0101101001101011,3,3
HIT,833,1010011001011000,1010010101101011,3,3
HIT,834,0101010110011000,1001101010101011,3,3
HIT,835,1001011001010100,0101101001100111,3,3
HIT,836,0101011001101000,0101101010010111,3,3
HIT,837,1010010101010100,1010100110011011,3,3
HIT,838,0110101001100100,1010010101011011,3,3
HIT,839,0101010101011000,0110011001011011,3,3
HIT,840,0101010110101000,1010011001010111,3,3
HIT,841,0101101010100100,1001100110100111,3,3
HIT,842,0101101001101000,0101011001010111,3,3
HIT,843,1010011001010100,1001011010010111,3,3
HIT,844,0110010101011000,0101101010100111,3,3
HIT,845,1010010101011000,0110101010011011,3,3
HIT,846,1010011001100100,1001010110100111,3,3
HIT,847,1001011001101000,0110010101010111,3,3
HIT,848,0101010101010100,1010010101100111,3,3
HIT,849,1001100110010100,1010101001011011,3,3
HIT,850,1001101010010100,0110010110010111,3,3
HIT,851,0110101010101000,1001101001101011,3,3
HIT,852,1001011001100100,0101010101011011,3,3
HIT,853,0110010101101000,0101100110101011,3,3
HIT,854,0110010110011000,1001101001101011,3,3
HIT,855,0110011001011000,0101011010100111,3,3
HIT,856,1001011001100100,0101101010101011,3,3
HIT,857,1010011001011000,0101011010010111,3,3
HIT,858,0101101001010100,1010011010101011,3,3
HIT,859,1010101010010100,0101011010011011,3,3
HIT,860,0110010101011000,1010010110101011,3,3
HIT,861,0110101001011000,0110010101011011,3,3
HIT,862,0110100101101000,0110010101010111,3,3
HIT,863,0101010101100100,0101101010101011,3,3
HIT,864,1001101001011000,0110011001100111,3,3
HIT,865,0101010110100100,1010011001010111,3,3
HIT,866,0110011001100100,0110100101100111,3,3
HIT,867,0110010101011000,1010100110011011,3,3
HIT,868,0101010110100100,1010011001101011,3,3
HIT,869,1001101001101000,0101011001100111,3,3
HIT,870,0110011010100100,1001010101100111,3,3
HIT,871,0101100101011000,0101101010101011,3,3
HIT,872,0101011010101000,0110011001011011,3,3
HIT,873,0110011010101000,1010010110010111,3,3
HIT,874,1001010101100100,1001011010011011,3,3
HIT,875,1001010110010100,0110100101101011,3,3
HIT,876,0110011001011000,1010101001010111,3,3
HIT,877,1001011001010100,0101010101011011,3,3
HIT,878,1010101001010100,0110011010011011,3,3
HIT,879,0110011001101000,0110101010100111,3,3
HIT,880,1010011010011000,1001100101101011,3,3
HIT,881,0101010101100100,0101101010101011,3,3
HIT,882,1010100101011000,1001101001101011,3,3
HIT,883,0101100101101000,1001010101011011,3,3
HIT,884,1010100101100100,0110010101010111,3,3
HIT,885,0101100110101000,1010101010101011,3,3
HIT,886,1001011001011000,1001101001100111,3,3
HIT,887,0101100110011000,1010100110101011,3,3
HIT,888,0110011001100100,0101011001010111,3,3
HIT,889,1001101001100100,0101010110010111,3,3
HIT,890,0110100110011000,0110010101011011,3,3
HIT,891,1001010101010100,0110010110011011,3,3
HIT,892,1010101010100100,1001011010010111,3,3
HIT,893,0101100110011000,1010101010011011,3,3
HIT,894,1010100101010100,1001101001101011,3,3
HIT,895,1001100110010100,0110101001101011,3,3
HIT,896,0110010101101000,1001101001101011,3,3
HIT,897,1001010110011000,1010100110100111,3,3
HIT,898,1001010110101000,0110100101100111,3,3
HIT,899,0101101010100100,1001100110100111,3,3
HIT,900,1010011001100100,1010101001010111,3,3
HIT,901,0110100101100100,0101011010011011,4,4
HIT,902,0110010110100100,0101100101011011,4,4
HIT,903,1001101010010100,0110100101010111,4,4
HIT,904,1010011001010100,0110100110101011,4,4
HIT,905,0110011010010100,1010010101010111,4,4
HIT,906,1001101010010100,1001010110101011,4,4
HIT,907,0101100101011000,1001010101011011,4,4
HIT,908,1001101001010100,1010010110010111,4,4
HIT,909,0110101001010100,1001010101011011,4,4
HIT,910,1001011001100100,1001011010101011,4,4
HIT,911,1001101001101000,0110011010100111,4,4
HIT,912,1001101001101000,1010010110100111,4,4
HIT,913,0110010110010100,1001100101010111,4,4
HIT,914,1001011001101000,0110010110100111,4,4
HIT,915,1010100101100100,1010011001011011,4,4
HIT,916,0110101001011000,1001010110101011,4,4
HIT,917,1001010110010100,0101011010100111,4,4
HIT,918,0110011010011000,0110100101101011,4,4
HIT,919,0101011010101000,0110100110101011,4,4
HIT,920,0101100101101000,0110010101100111,4,4
HIT,921,1001101001011000,0101100101101011,4,4
HIT,922,0101011010100100,0110101010100111,4,4
HIT,923,1010100101100100,0101100101101011,4,4
HIT,924,0101011001011000,0110010101010111,4,4
HIT,925,1001101001011000,1010010101100111,4,4
HIT,926,0101100101010100,1001011001101011,4,4
HIT,927,0110011010011000,0110101001100111,4,4
HIT,928,1001101010101000,1001011001101011,4,4
HIT,929,0101010101100100,0110010110011011,4,4
HIT,930,0110010101010100,0101100101100111,4,4
HIT,931,1001011010100100,1001101010101011,4,4
HIT,932,1010011010100100,0110101010011011,4,4
HIT,933,0101011001010100,1010010110011011,4,4
HIT,934,1001101010100100,0101101010011011,4,4
HIT,935,0101101010011000,1010101010010111,4,4
HIT,936,1001011010011000,1010101001011011,4,4
HIT,937,0110101010101000,1001010110101011,4,4
HIT,938,1010101001010100,1001101001011011,4,4
HIT,939,1001100101010100,1001101001100111,4,4
HIT,940,0110011010011000,1001101010100111,4,4
HIT,941,0110011010101000,0110011001011011,4,4
HIT,942,0110011001011000,1001010110010111,4,4
HIT,943,0101100101010100,0101101001010111,4,4
HIT,944,0101101001010100,1001101010010111,4,4
HIT,945,1010010101100100,0101011010100111,4,4
HIT,946,1001101010010100,1001101001010111,4,4
HIT,947,0110100110011000,0110101010011011,4,4
HIT,948,0101100110101000,0110100110011011,4,4
MISS,949,0101011010010100,1001011010100111,4,3
HIT,950,0101100101100100,0110100101101011,4,4
HIT,951,0101101001010100,0101100101010111,4,4
HIT,952,1001011010101000,1001011001010111,4,4
HIT,953,1010101010100100,1010011010101011,4,4
HIT,954,0101010110100100,0101011001010111,4,4
HIT,955,1001100110101000,0101101001101011,4,4
HIT,956,0110010101100100,1010101001010111,4,4
HIT,957,1010011001011000,0110100110101011,4,4
HIT,958,1010011001101000,0101010110011011,4,4
HIT,959,1010100110010100,1001100110100111,4,4
HIT,960,0110011010010100,0110100110011011,4,4
HIT,961,1010100110100100,0101011010011011,4,4
HIT,962,0110011010101000,1010011001100111,4,4
HIT,963,1001101010010100,1010101001100111,4,4
HIT,964,0110010110011000,0110100110011011,4,4
HIT,965,0101010110101000,0110011010100111,4,4
HIT,966,0110010110010100,0101011001100111,4,4
HIT,967,0110010101010100,1001100110010111,4,4
HIT,968,1010100110010100,1001101010100111,4,4
HIT,969,1001011001100100,1001100101101011,4,4
HIT,970,1010100110010100,0101011010100111,4,4
HIT,971,0110100101101000,1001101001100111,4,4
HIT,972,0101011010100100,1001010101100111,4,4
HIT,973,1010100101101000,1001011001010111,4,4
HIT,974,1001011001100100,0110011010101011,4,4
HIT,975,0110101010011000,1010100101010111,4,4
HIT,976,0110011001100100,1001101001100111,4,4
HIT,977,0110010110100100,0110011010011011,4,4
HIT,978,1001100101100100,1010010101100111,4,4
HIT,979,1001011001100100,1001100101101011,4,4
HIT,980,0110101010011000,0101011010100111,4,4
HIT,981,1010010101101000,0101100101101011,4,4
HIT,982,0110101001010100,1001010101100111,4,4
HIT,983,0101100101101000,0101100110011011,4,4
HIT,984,1010010101101000,0110101001011011,4,4
HIT,985,1010011010010100,1001011001101011,4,4
HIT,986,1001100101101000,1010101001100111,4,4
HIT,987,1001101001011000,0110100110101011,4,4
HIT,988,1001010101010100,0101010110011011,4,4
HIT,989,1010010101010100,1001010110100111,4,4
HIT,990,1010010110101000,0110101001100111,4,4
HIT,991,1001010101010100,0110010101100111,4,4
HIT,992,1001011010011000,1010100101100111,4,4
HIT,993,1010101001101000,1010011001011011,4,4
HIT,994,1010010110100100,0110010110011011,4,4
HIT,995,1010011010100100,1001010110101011,4,4
HIT,996,1001011010011000,0110100101010111,4,4
HIT,997,1001011001010100,0110010110100111,4,4
HIT,998,1001011001101000,0110101001011011,4,4
HIT,999,1001010110010100,1010010101010111,4,4
HIT,1000,0110010101011000,0101100101101011,4,4
HIT,1001,1001011001101000,0110011001010111,4,4
HIT,1002,1001101001010100,0110011001101011,4,4
HIT,1003,0101101010100100,1010010101101011,4,4
HIT,1004,1001100101101000,1001100110100111,4,4
HIT,1005,1010010101101000,1010011010010111,4,4
HIT,1006,0110010101010100,0101101001010111,4,4
HIT,1007,0101101010010100,0101010110100111,4,4
HIT,1008,0110101010101000,1001010110101011,4,4
HIT,1009,1010011001010100,1001010110101011,4,4
HIT,1010,1001011010101000,1001100101100111,4,4
HIT,1011,0101011001011000,1001010110101011,4,4
HIT,1012,0110100101101000,0101011001011011,4,4
HIT,1013,0110010101100100,1001100110010111,4,4
HIT,1014,0101010101101000,1010100101011011,4,4
HIT,1015,1001100110100100,1010101001101011,4,4
HIT,1016,1010100110100100,1010100101011011,4,4
HIT,1017,0110100101011000,0101011001100111,4,4
HIT,1018,0110100110100100,1010011001100111,4,4
HIT,1019,1001010110101000,1001100101101011,4,4
HIT,1020,1001010110100100,0101010101100111,4,4
HIT,1021,0101101010010100,0110010101101011,4,4
HIT,1022,0101101001011000,1010010101011011,4,4
HIT,1023,0101100110101000,0101100101010111,4,4
HIT,1024,0101010101100100,1010010101101011,4,4
HIT,1025,1001101010010100,1010011001101011,4,4
HIT,1026,1001011010101000,0110100110101011,4,4
HIT,1027,1001100101101000,0101101001010111,4,4
HIT,1028,0110101010011000,1010100101101011,4,4
HIT,1029,0101100101010100,0101010101101011,4,4
HIT,1030,1010100101100100,0101100110101011,4,4
HIT,1031,1010100101100100,0110101010011011,4,4
HIT,1032,1010101001010100,0110010101101011,4,4
HIT,1033,0101101001101000,0110100101011011,4,4
HIT,1034,0101011001101000,1010011010101011,4,4
HIT,1035,1001010101011000,1010010101100111,4,4
HIT,1036,0110010110100100,1001100110100111,4,4
HIT,1037,0101100110101000,0110010101100111,4,4
HIT,1038,0110101010011000,0101011010011011,4,4
HIT,1039,0101100110101000,0110101010100111,4,4
HIT,1040,1001100101010100,1010010101100111,4,4
HIT,1041,1001011001100100,0110010110100111,4,4
HIT,1042,1001101001100100,1001100110010111,4,4
HIT,1043,1010101001100100,0101101010101011,4,4
HIT,1044,0101010110100100,0110010101100111,4,4
HIT,1045,1010101001010100,1010011010010111,4,4
HIT,1046,0101010101101000,1001010110011011,4,4
HIT,1047,0110100101011000,0101011010100111,4,4
HIT,1048,0110010101100100,1001100101100111,4,4
HIT,1049,1010100110101000,1001100110100111,4,4
HIT,1050,1010010110010100,0101100110011011,4,4
HIT,1051,1010011001011000,0110100110100111,4,4
HIT,1052,0101100101101000,0110011001010111,4,4
HIT,1053,1010101010011000,1001011010100111,4,4
HIT,1054,0101010110100100,1001100101101011,4,4
HIT,1055,0101011010101000,0110100110101011,4,4
HIT,1056,1001100110010100,1001010110010111,4,4
HIT,1057,0101011001101000,0101010110101011,4,4
HIT,1058,1001101010100100,0101011010100111,4,4
HIT,1059,0110100101011000,0101011010101011,4,4
HIT,1060,1001100101101000,1001010110100111,4,4
HIT,1061,0110011001100100,0110011010011011,4,4
HIT,1062,0101011010011000,0110100101100111,4,4
HIT,1063,0110100110101000,1001011001101011,4,4
HIT,1064,1010010101100100,1010011001010111,4,4
HIT,1065,0110011001010100,1010100110011011,4,4
HIT,1066,1010011001010100,0110011001101011,4,4
HIT,1067,0101101010011000,1001101001100111,4,4
HIT,1068,0101101001100100,1010100110100111,4,4
HIT,1069,1001101001010100,1001010110101011,4,4
HIT,1070,0110011010011000,0110010110011011,4,4
HIT,1071,1001101001010100,1001010101010111,4,4
HIT,1072,1010100110010100,0101100110011011,4,4
HIT,1073,1001011010101000,1010010110010111,4,4
HIT,1074,0110100101100100,0110101010010111,4,4
HIT,1075,1010011001101000,1001101010100111,4,4
HIT,1076,1001010110011000,0110100110011011,4,4
HIT,1077,0110011010100100,0101101010101011,4,4
HIT,1078,1001101001011000,0101101001100111,4,4
HIT,1079,0101101001011000,1010010101010111,4,4
HIT,1080,0101011010010100,0110100110101011,4,4
HIT,1081,1010100110101000,1010101010010111,4,4
HIT,1082,1010101001011000,0101101010011011,4,4
HIT,1083,1010100101101000,0110101010011011,4,4
HIT,1084,1010011010100100,1010100101100111,4,4
HIT,1085,1001010110101000,0110100110101011,4,4
HIT,1086,0110100101101000,1010100101011011,4,4
HIT,1087,0101011010011000,1001010101011011,4,4
HIT,1088,0101101010010100,1001100110101011,4,4
HIT,1089,1001101001101000,1010011001010111,4,4
HIT,1090,0110100101101000,1001010101101011,4,4
HIT,1091,1010100110010100,0110010110011011,4,4
HIT,1092,0110010110010100,0110100101101011,4,4
HIT,1093,1010100110010100,1010101010010111,4,4
HIT,1094,1001100110101000,0101010110101011,4,4
HIT,1095,0101100101010100,0110101001010111,4,4
HIT,1096,1001011001010100,1001010110101011,4,4
HIT,1097,0110010110101000,1001101010101011,4,4
HIT,1098,0101011001100100,1001011001010111,4,4
HIT,1099,0110100101011000,0101010110011011,4,4
HIT,1100,0101011001100100,0101100101100111,4,4
HIT,1101,1001011010010100,0110100110101011,4,4
HIT,1102,0110100101010100,0101010101101011,4,4
HIT,1103,0101010110100100,0101100101010111,4,4
HIT,1104,0101100110100100,0101101001011011,4,4
HIT,1105,0101100110011000,1010101001100111,4,4
HIT,1106,1001011001010100,1001010110100111,4,4
HIT,1107,1010100101101000,0110010101101011,4,4
HIT,1108,0110100101101000,0101100110100111,4,4
HIT,1109,0101100101101000,1001010101100111,4,4
HIT,1110,0101101001100100,0110101010011011,4,4
HIT,1111,1010101010100100,0110101001011011,4,4
HIT,1112,0101101001011000,1001100110100111,4,4
HIT,1113,1001100110100100,1001101010100111,4,4
HIT,1114,1010100110101000,1001101001100111,4,4
HIT,1115,0101010110101000,0101100101101011,4,4
HIT,1116,1001011001100100,0101100101010111,4,4
HIT,1117,1001011010101000,1001101001011011,4,4
HIT,1118,1001011001100100,0110010110101011,4,4
HIT,1119,1001011010010100,0110011010011011,4,4
HIT,1120,0101011001100100,0101100101100111,4,4
HIT,1121,1001011001101000,1001101010011011,4,4
HIT,1122,0110010110100100,0101101010010111,4,4
HIT,1123,1010101010100100,0110101001100111,4,4
HIT,1124,0101010110010100,0110100101010111,4,4
HIT,1125,0110101001011000,0110011010010111,4,4
HIT,1126,0110010101101000,1010100101010111,4,4
HIT,1127,0110100101100100,1001011010011011,4,4
HIT,1128,1001100101011000,0101010101101011,4,4
HIT,1129,1001100110010100,0110010101101011,4,4
HIT,1130,0110100110011000,1001100101011011,4,4
HIT,1131,0110010101101000,0101101001010111,4,4
HIT,1132,1001100101101000,1001101001011011,4,4
HIT,1133,0101011010010100,1010100101011011,4,4
HIT,1134,1001011010101000,0110101001100111,4,4
HIT,1135,0110100101100100,1001010110010111,4,4
HIT,1136,0110011010100100,0110010110101011,4,4
HIT,1137,0110011001101000,0110010110011011,4,4
HIT,1138,0110011010100100,0110011001010111,4,4
HIT,1139,0110101001010100,0101100110101011,4,4
HIT,1140,1001101001101000,1010101001100111,4,4
HIT,1141,0110100110100100,1010101001100111,4,4
HIT,1142,0101101001101000,0101101010010111,4,4
HIT,1143,1010100101101000,1010010101101011,4,4
HIT,1144,0101010110100100,1010011010011011,4,4
HIT,1145,0110010101101000,1001011010101011,4,4
HIT,1146,1001011010100100,1001010110100111,4,4
HIT,1147,0110101010101000,0101011010100111,4,4
HIT,1148,0101100110010100,0110011010100111,4,4
HIT,1149,1010101010011000,1010100101101011,4,4
HIT,1150,0101010101011000,0101011010101011,4,4
HIT,1151,1001101001010100,0110101010010111,4,4
HIT,1152,1010010110101000,1010100110101011,4,4
HIT,1153,1010101001100100,1010101010101011,4,4
HIT,1154,0101101010100100,0101100101101011,4,4
HIT,1155,0110100101100100,0101011001100111,4,4
HIT,1156,0110100110101000,1001010110101011,4,4
HIT,1157,0101101010101000,0101101001011011,4,4
HIT,1158,0110101010100100,0110100110101011,4,4
HIT,1159,0101011001011000,1010101001011011,4,4
HIT,1160,0101100101010100,1010100101100111,4,4
HIT,1161,0110100110011000,0101100110100111,4,4
HIT,1162,0110011010101000,1010101001011011,4,4
HIT,1163,0110101010101000,0101101010010111,4,4
HIT,1164,1001010110101000,1001101001010111,4,4
HIT,1165,0110100110101000,1010010110101011,4,4
HIT,1166,1001100110100100,1001101010100111,4,4
HIT,1167,0110011010100100,0110010110011011,4,4
HIT,1168,1001010101100100,1001011001011011,4,4
HIT,1169,1010010110100100,1001010101101011,4,4
HIT,1170,0110011010100100,1010011010011011,4,4
HIT,1171,0110100101011000,0110011010011011,4,4
HIT,1172,0101011010011000,1001100101101011,4,4
HIT,1173,0110100110100100,1001010110100111,4,4
HIT,1174,1010100110011000,0101100110010111,4,4
HIT,1175,0101101001010100,1001011010101011,4,4
HIT,1176,0101100101011000,1010100101100111,4,4
HIT,1177,0110010110101000,1010011001010111,4,4
HIT,1178,0110010101100100,0101100110100111,4,4
HIT,1179,1001010110011000,1010011001100111,4,4
HIT,1180,0101011010100100,0101101001010111,4,4
HIT,1181,1001100101101000,1010100101100111,4,4
HIT,1182,1001011010101000,0110010110010111,4,4
HIT,1183,0101100110101000,1001101001010111,4,4
HIT,1184,1001010110010100,1010010110011011,4,4
HIT,1185,0101010110100100,0101011001101011,4,4
HIT,1186,0101011001010100,1001010110100111,4,4
HIT,1187,1001100101011000,0110010110010111,4,4
HIT,1188,0110011010011000,0110101001100111,4,4
HIT,1189,0101100101011000,1010100101010111,4,4
HIT,1190,0110101001011000,0101101010101011,4,4
HIT,1191,1010010101100100,0101100110010111,4,4
HIT,1192,1001011010100100,0101100101100111,4,4
HIT,1193,0110011001101000,1001101010101011,4,4
HIT,1194,1010100101011000,1001101001011011,4,4
HIT,1195,1001101010100100,0110101001010111,4,4
HIT,1196,0101011001011000,0110101001011011,4,4
HIT,1197,0101101001100100,0101100110011011,4,4
HIT,1198,0101011010011000,0110101001100111,4,4
HIT,1199,1001011001100100,0110011010010111,4,4
HIT,1200,1010101001101000,1010011001010111,4,4
HIT,1201,1001011001101000,0101100110010111,5,5
HIT,1202,1001101010010100,0110101001100111,5,5
HIT,1203,1010011001011000,1010101001100111,5,5
HIT,1204,0110100101101000,0110100101010111,5,5
HIT,1205,1001100101101000,1010100110010111,5,5
HIT,1206,0110100101100100,0110010110011011,5,5
HIT,1207,0110011010010100,1001011001101011,5,5
HIT,1208,0110100110101000,1001011010011011,5,5
HIT,1209,1010011001010100,1001100110010111,5,5
HIT,1210,0101100101011000,0101011001011011,5,5
HIT,1211,0101010101010100,0101010101100111,5,5
HIT,1212,1001100101011000,1001010110011011,5,5
HIT,1213,1001011001011000,1001100101101011,5,5
HIT,1214,0110100110010100,1001100101100111,5,5
HIT,1215,1001100101100100,1010100101100111,5,5
HIT,1216,0101101001100100,0101011010010111,5,5
HIT,1217,0101100101101000,0110010110011011,5,5
HIT,1218,1001010110011000,1001011001101011,5,5
HIT,1219,1001100101101000,1010011001010111,5,5
HIT,1220,1010011010010100,0110100101011011,5,5
HIT,1221,0110100101011000,0101100101011011,5,5
HIT,1222,0101100101101000,0110100101101011,5,5
HIT,1223,1010010110011000,0101011001101011,5,5
HIT,1224,0101100101101000,1001011010010111,5,5
HIT,1225,0101011010100100,0110101001011011,5,5
HIT,1226,0101101001011000,0110101001011011,5,5
HIT,1227,0101100110010100,0101010110011011,5,5
HIT,1228,1010101001100100,1001101010011011,5,5
HIT,1229,1010100110101000,0110100110100111,5,5
HIT,1230,1010010110101000,0101011010101011,5,5
HIT,1231,1001010101100100,0101010110101011,5,5
HIT,1232,0101100110011000,0110011001010111,5,5
HIT,1233,0101010110010100,1001010110011011,5,5
HIT,1234,0101011001101000,1001100110100111,5,5
HIT,1235,1001011010100100,0101101010100111,5,5
HIT,1236,0101100110100100,0110010110011011,5,5
HIT,1237,0110010101100100,0101010110011011,5,5
HIT,1238,0110010101101000,0101011010100111,5,5
HIT,1239,1001100110100100,1010011001100111,5,5
HIT,1240,0101100101011000,1001010110101011,5,5
HIT,1241,0101010101011000,0101010110011011,5,5
HIT,1242,1001101010101000,1010011010100111,5,5
HIT,1243,0101101001011000,1010011010010111,5,5
HIT,1244,0110101010100100,1010101001010111,5,5
HIT,1245,1010101001010100,1010101010100111,5,5
HIT,1246,1010011010010100,1001101001100111,5,5
HIT,1247,1001101001010100,1010010101101011,5,5
HIT,1248,0110101010100100,0110101010010111,5,5
HIT,1249,0110010101101000,1001010110011011,5,5
HIT,1250,0110100101010100,0101011010010111,5,5
HIT,1251,0110101010011000,0110101010100111,5,5
HIT,1252,0110011010101000,0101011010101011,5,5
HIT,1253,0101101001100100,1001101001101011,5,5
HIT,1254,1001010101100100,0101010101101011,5,5
HIT,1255,1001100110100100,0110011001100111,5,5
HIT,1256,1010101010010100,0110101010011011,5,5
HIT,1257,0101010101100100,1010010101100111,5,5
HIT,1258,0110101010010100,0101101010010111,5,5
HIT,1259,0101100101101000,1001100101100111,5,5
HIT,1260,1010011010010100,0101101001101011,5,5
HIT,1261,1001011001101000,0110100101100111,5,5
HIT,1262,0101010110010100,0101010101101011,5,5
HIT,1263,0101100101101000,1010100101101011,5,5
HIT,1264,1001010101101000,0101010101011011,5,5
HIT,1265,1010011001100100,1010011001010111,5,5
HIT,1266,0110100101011000,1010011010010111,5,5
HIT,1267,0110100101010100,0110011010010111,5,5
HIT,1268,0101101010010100,0101011010101011,5,5
HIT,1269,0101100101011000,1010100101011011,5,5
HIT,1270,1010010110011000,0101100110101011,5,5
HIT,1271,0101010101011000,0110010101011011,5,5
HIT,1272,0101010110011000,0101100110100111,5,5
HIT,1273,0101100101101000,0110010110011011,5,5
HIT,1274,1001101001011000,0110100101011011,5,5
HIT,1275,1010011001011000,0101100110010111,5,5
HIT,1276,1001010101100100,0101010110100111,5,5
HIT,1277,1001011010011000,0110100101101011,5,5
HIT,1278,1001010110101000,0101010101101011,5,5
HIT,1279,0101010101100100,0101010101010111,5,5
HIT,1280,1010101010011000,0110101001100111,5,5
HIT,1281,1010101010011000,1010101010101011,5,5
HIT,1282,1001101010011000,1010101001101011,5,5
HIT,1283,1010101001011000,1001101001011011,5,5
HIT,1284,0101101001100100,0101101001010111,5,5
HIT,1285,1010100101010100,0110101001011011,5,5
HIT,1286,0101010101011000,0101010110011011,5,5
HIT,1287,0101100101101000,0101010110010111,5,5
HIT,1288,1001101001101000,1001101001011011,5,5
HIT,1289,1001011001100100,0110100101100111,5,5
HIT,1290,0101100110100100,1001100110101011,5,5
HIT,1291,1001010101101000,1010010101010111,5,5
HIT,1292,1001011001010100,1010100101100111,5,5
HIT,1293,0110101001101000,1010100110010111,5,5
HIT,1294,0101011001010100,1001010110011011,5,5
HIT,1295,1001011010100100,1001010110101011,5,5
HIT,1296,0110011001100100,0101100110010111,5,5
HIT,1297,1001100110100100,1001101001100111,5,5
HIT,1298,1001100101011000,1010010101101011,5,5
HIT,1299,1001011001011000,0110010110100111,5,5
HIT,1300,1001011010100100,1001101010011011,5,5
HIT,1301,0110011010100100,1001101010100111,5,5
HIT,1302,0101011010101000,0101010101101011,5,5
HIT,1303,0101010110011000,0101010110100111,5,5
HIT,1304,1001101001011000,1010100101100111,5,5
HIT,1305,1010100101011000,1001010110101011,5,5
HIT,1306,1010011001100100,1010101001100111,5,5
HIT,1307,1010100101101000,1001101010010111,5,5
HIT,1308,1001101010101000,1010101010100111,5,5
HIT,1309,1010011001101000,1001011001101011,5,5
HIT,1310,1010101010011000,1010101010101011,5,5
HIT,1311,0110010101101000,0110010101011011,5,5
HIT,1312,1001011001011000,1010100101100111,5,5
HIT,1313,1010101010011000,1001101010100111,5,5
HIT,1314,1010100110010100,1001101001100111,5,5
HIT,1315,1001101010011000,1010100110100111,5,5
HIT,1316,1010101010011000,1010100110100111,5,5
HIT,1317,1001010101100100,1010010101100111,5,5
HIT,1318,1001010110010100,0101010101100111,5,5
HIT,1319,1010011001011000,1001100110010111,5,5
HIT,1320,0101101001100100,0101101001011011,5,5
HIT,1321,0110100110011000,1010011001010111,5,5
HIT,1322,0101101010010100,0110010110101011,5,5
HIT,1323,1010101010100100,1010101001010111,5,5
HIT,1324,1001100101100100,1001100101011011,5,5
HIT,1325,0101101001101000,0110010110100111,5,5
HIT,1326,0101100110101000,0110011010011011,5,5
HIT,1327,0101011010010100,1001011010011011,5,5
HIT,1328,0101010110010100,1001011001010111,5,5
HIT,1329,0101101010010100,0110011010100111,5,5
HIT,1330,0101010101011000,0110010101011011,5,5
HIT,1331,0101100110011000,0110010110011011,5,5
HIT,1332,1010101010100100,0101101010100111,5,5
HIT,1333,1001010110101000,0110010110101011,5,5
HIT,1334,0110010110101000,0101011001011011,5,5
HIT,1335,1001011010010100,1001011010101011,5,5
HIT,1336,0101011010100100,0101011010011011,5,5
HIT,1337,0110101010100100,1010101001101011,5,5
HIT,1338,0110010110100100,0101100101100111,5,5
HIT,1339,1010011001101000,0110011010011011,5,5
HIT,1340,1001101010011000,1001011010100111,5,5
HIT,1341,0101101001100100,1010011001010111,5,5
HIT,1342,0101011001100100,0110011001100111,5,5
HIT,1343,1010010101010100,0101010101011011,5,5
HIT,1344,1001011001101000,0101100110011011,5,5
HIT,1345,1001011010010100,0101011010011011,5,5
HIT,1346,0101011001101000,0101010101100111,5,5
HIT,1347,0101010110010100,1001011001011011,5,5
HIT,1348,0101011001010100,1001100101010111,5,5
HIT,1349,1001010110011000,0101011001011011,5,5
HIT,1350,0101011010100100,0110010101101011,5,5
HIT,1351,1001010110010100,1010010110010111,5,5
HIT,1352,0101101010010100,1010010110101011,5,5
HIT,1353,0101101001011000,0101101001100111,5,5
HIT,1354,0110010101010100,0110011001010111,5,5
HIT,1355,0110100101100100,0101101001010111,5,5
HIT,1356,0110011001010100,0110010101011011,5,5
HIT,1357,0101011010011000,0110011010011011,5,5
HIT,1358,0101011001010100,0101010101100111,5,5
HIT,1359,1010011001010100,1010100110011011,5,5
HIT,1360,1001011010101000,0101011010100111,5,5
HIT,1361,1001011010101000,1001011010010111,5,5
HIT,1362,0110100110100100,1001100110100111,5,5
HIT,1363,1001101001100100,1001101001011011,5,5
HIT,1364,1001100110011000,0110100110011011,5,5
HIT,1365,0110010101100100,0101011001100111,5,5
HIT,1366,1001010110010100,0101010110011011,5,5
HIT,1367,0110011001101000,0110011001011011,5,5
HIT,1368,0110011010011000,0110100110100111,5,5
HIT,1369,0110010110100100,1001011010101011,5,5
HIT,1370,1001010110010100,0101100101101011,5,5
HIT,1371,1010010101101000,1001010110011011,5,5
HIT,1372,1001011010101000,1001101010100111,5,5
HIT,1373,0110100101100100,1001011001010111,5,5
HIT,1374,1010100110011000,1010101010011011,5,5
HIT,1375,1010011010100100,1010100110100111,5,5
HIT,1376,0101010110100100,1001011010010111,5,5
HIT,1377,1010011010101000,0101101001101011,5,5
HIT,1378,0110010110101000,0101011010100111,5,5
HIT,1379,1010011010101000,1010100110100111,5,5
HIT,1380,0101010110101000,0101010101100111,5,5
HIT,1381,1010101010010100,1001101010100111,5,5
HIT,1382,1001100110100100,1001100110011011,5,5
HIT,1383,1010101010011000,1001101010101011,5,5
HIT,1384,1001101001101000,1001101001010111,5,5
HIT,1385,1010011010100100,1010101001101011,5,5
HIT,1386,0101011010100100,0101101010100111,5,5
HIT,1387,1010011001011000,0110010110010111,5,5
HIT,1388,0110011001011000,0110011001101011,5,5
HIT,1389,0110100101100100,1001011001010111,5,5
HIT,1390,0101100110010100,1010011001010111,5,5
HIT,1391,0110101001100100,1010011001100111,5,5
HIT,1392,1010100101100100,1001101010010111,5,5
HIT,1393,1010100110100100,0110101001100111,5,5
HIT,1394,0110010101010100,0101010101101011,5,5
HIT,1395,1001101010101000,0110100110101011,5,5
HIT,1396,1010101001101000,1010101001010111,5,5
HIT,1397,1010101010011000,1010101001010111,5,5
HIT,1398,0110101001010100,1010010101100111,5,5
HIT,1399,1010010110011000,0110101001011011,5,5
HIT,1400,0101100101100100,1001100101101011,5,5
HIT,1401,0110011001100100,0101011001100111,5,5
HIT,1402,0110010110011000,0101100110011011,5,5
HIT,1403,0101100110010100,1001011001101011,5,5
HIT,1404,1010100110100100,1001100110100111,5,5
HIT,1405,0101101001011000,0110100101011011,5,5
HIT,1406,0101011001101000,0101100110011011,5,5
HIT,1407,0110010101010100,1010010101011011,5,5
HIT,1408,0101010101101000,0101010101010111,5,5
HIT,1409,0110011010100100,1001101010101011,5,5
HIT,1410,0110101001010100,1010100101100111,5,5
HIT,1411,0101010101100100,1001010101010111,5,5
HIT,1412,1010100101100100,1001011001101011,5,5
HIT,1413,0101100110011000,1001011001101011,5,5
HIT,1414,1001011010011000,0101010110100111,5,5
HIT,1415,1001100110101000,0101100110100111,5,5
HIT,1416,0101011001100100,1001010110010111,5,5
HIT,1417,1010011010011000,0110011010010111,5,5
HIT,1418,1010011010010100,1001011010010111,5,5
HIT,1419,0101010110101000,0101010110011011,5,5
HIT,1420,1001101010101000,0101011010101011,5,5
HIT,1421,1001010101100100,0101010101011011,5,5
HIT,1422,1001010110011000,0101010101100111,5,5
HIT,1423,1010011001011000,1001101001100111,5,5
HIT,1424,1001100101011000,0101100101010111,5,5
HIT,1425,1010011010011000,1010101001101011,5,5
HIT,1426,0101010101101000,0101011010100111,5,5
HIT,1427,1010010101100100,1001010110100111,5,5
HIT,1428,1001011010101000,1010010110100111,5,5
HIT,1429,0110101010010100,0110101010101011,5,5
HIT,1430,1001100101100100,0110100101100111,5,5
HIT,1431,0110011001011000,0110010110101011,5,5
HIT,1432,0110100110010100,1001100101010111,5,5
HIT,1433,1001010101011000,0110100101010111,5,5
HIT,1434,0101100110101000,0110010110011011,5,5
HIT,1435,0101101010100100,1010011010101011,5,5
HIT,1436,1001010110100100,1001010110011011,5,5
HIT,1437,1001100101101000,1010100110010111,5,5
HIT,1438,1010010101010100,1010010101101011,5,5
HIT,1439,1001100110101000,0101011001101011,5,5
HIT,1440,0110101001100100,1010101001101011,5,5
HIT,1441,0110100101010100,1010101001010111,5,5
HIT,1442,0101100101010100,1010011001010111,5,5
HIT,1443,1001010110100100,0101100101011011,5,5
HIT,1444,1010100101100100,1010100101010111,5,5
HIT,1445,1010010110010100,1010101001011011,5,5
HIT,1446,1001011001100100,0110011001101011,5,5
HIT,1447,1010100110011000,0110100110010111,5,5
HIT,1448,0101010101100100,0110010101100111,5,5
HIT,1449,0101100110100100,1010011010011011,5,5
HIT,1450,0101101001010100,0101010110100111,5,5
HIT,1451,0101101010101000,0101101010010111,5,5
HIT,1452,1010100101101000,1001011010100111,5,5
HIT,1453,1010100110100100,1010011010101011,5,5
HIT,1454,0110010101011000,0101011001010111,5,5
HIT,1455,1010100110100100,1010011010100111,5,5
HIT,1456,1001010110100100,0101011010101011,5,5
HIT,1457,0101010110101000,0101010110010111,5,5
HIT,1458,0110010101101000,0101100101010111,5,5
HIT,1459,0101100110100100,1001101001100111,5,5
HIT,1460,1010100110101000,0110100110100111,5,5
HIT,1461,0101011010100100,0110101001011011,5,5
HIT,1462,0110100110101000,0110100110010111,5,5
HIT,1463,0110100101011000,1001010110010111,5,5
HIT,1464,0101010110101000,0101101010010111,5,5
HIT,1465,1010011010100100,0110101001100111,5,5
HIT,1466,0101101001101000,1010101001101011,5,5
HIT,1467,1001011001100100,1001100101100111,5,5
HIT,1468,1010011010010100,0110100101011011,5,5
HIT,1469,1010010110010100,1001010110010111,5,5
HIT,1470,1001010101011000,1001100101010111,5,5
HIT,1471,0101101001101000,1010100110101011,5,5
HIT,1472,0110010110011000,0110100101100111,5,5
HIT,1473,0110101001100100,0110101001011011,5,5
HIT,1474,0110010110100100,0110010110010111,5,5
HIT,1475,0110101010101000,1010011010101011,5,5
HIT,1476,0110101001100100,1010011010100111,5,5
HIT,1477,1001010101101000,0101010101011011,5,5
HIT,1478,0110100110010100,1010100110011011,5,5
HIT,1479,1001011001101000,0101010110011011,5,5
HIT,1480,1010010110100100,1001011010100111,5,5
HIT,1481,1001100101101000,1001011010010111,5,5
HIT,1482,0101100101101000,0110010110010111,5,5
HIT,1483,1001101001010100,1010100101011011,5,5
HIT,1484,0110100101100100,1010010110100111,5,5
HIT,1485,0101011001010100,0110010101100111,5,5
HIT,1486,0101101010010100,1001011010101011,5,5
HIT,1487,1010011001011000,0101101001100111,5,5
HIT,1488,1001011010010100,0101100101101011,5,5
HIT,1489,1010011001010100,1001100101100111,5,5
HIT,1490,0101011001011000,1001100101100111,5,5
HIT,1491,1001011001100100,1001011001010111,5,5
HIT,1492,1010010110011000,1001011001011011,5,5
HIT,1493,0101011001011000,0101011001100111,5,5
HIT,1494,1010010101101000,0110101001010111,5,5
HIT,1495,0110100110010100,0110011010011011,5,5
HIT,1496,0110011010010100,1001100110101011,5,5
HIT,1497,1010101010011000,1010100110100111,5,5
HIT,1498,1001011010011000,0110100110100111,5,5
HIT,1499,1010101001010100,1010101010011011,5,5
HIT,1500,0110011001011000,1010011001100111,5,5
HIT,1501,1001011010100100,1001011010101011,6,6
HIT,1502,1001010101100100,1010010101011011,6,6
HIT,1503,0101011010101000,0101101010100111,6,6
HIT,1504,1010100110101000,1010100110100111,6,6
HIT,1505,0101100101100100,0110010110010111,6,6
HIT,1506,1010100101010100,1010010101011011,6,6
HIT,1507,0101010110101000,0101011010101011,6,6
HIT,1508,1010100101011000,0110100101011011,6,6
HIT,1509,1010010101011000,1010100101010111,6,6
HIT,1510,0110011001011000,1001100101101011,6,6
HIT,1511,0101010101100100,0101010101011011,6,6
HIT,1512,0101100101010100,0110010101011011,6,6
HIT,1513,0110101001011000,1001101010010111,6,6
HIT,1514,0110100101011000,1001101001010111,6,6
HIT,1515,1001100101010100,1001100101011011,6,6
HIT,1516,1001011010101000,0101011010101011,6,6
HIT,1517,0101011001011000,1001011001011011,6,6
HIT,1518,1010101001100100,0110101001100111,6,6
HIT,1519,0110101010010100,1010101001011011,6,6
HIT,1520,0110010101101000,1001010110100111,6,6
HIT,1521,1010010110010100,1010010110011011,6,6
HIT,1522,0110100110101000,0101101001101011,6,6
HIT,1523,0110011001100100,1001100110011011,6,6
HIT,1524,0101010110011000,0101010110010111,6,6
HIT,1525,1010011001100100,1010100110011011,6,6
HIT,1526,0101011001100100,0101100110010111,6,6
HIT,1527,0110010110011000,1001011001101011,6,6
HIT,1528,1010101010011000,1010101010010111,6,6
HIT,1529,1010100101101000,1010100101100111,6,6
HIT,1530,0101011010100100,1001010110101011,6,6
HIT,1531,0101011001100100,0101100110010111,6,6
HIT,1532,0101010101100100,0101010110010111,6,6
MISS,1533,1010010110010100,1010010110011011,6,5
HIT,1534,1010101001010100,1010101010010111,6,6
HIT,1535,0110100101010100,1010100101010111,6,6
HIT,1536,0110101001010100,1010101001010111,6,6
HIT,1537,1001010101101000,0101010110100111,6,6
HIT,1538,0110011010011000,1001101001100111,6,6
HIT,1539,0110100101101000,1010010110100111,6,6
HIT,1540,1010010110101000,1010010110100111,6,6
HIT,1541,1001011001011000,0101100101101011,6,6
MISS,1542,0101101010010100,0101101010011011,6,5
HIT,1543,1010010101101000,0110100101011011,6,6
HIT,1544,1001011010010100,0101101001010111,6,6
HIT,1545,0110011001010100,1010011001010111,6,6
HIT,1546,1001100101101000,1001100101100111,6,6
HIT,1547,0110011010010100,1001101001011011,6,6
HIT,1548,1001100110010100,0101100110010111,6,6
HIT,1549,1001101010011000,0110011010100111,6,6
HIT,1550,1010100101101000,1010101001011011,6,6
HIT,1551,0101010101100100,0101010110010111,6,6
HIT,1552,0110101010011000,0110101010010111,6,6
HIT,1553,0101010101101000,0101010101011011,6,6
HIT,1554,0110100101011000,0110100101010111,6,6
HIT,1555,1001101001100100,0110100110011011,6,6
HIT,1556,0110101001100100,0101101010011011,6,6
HIT,1557,0101101001100100,0101101001101011,6,6
HIT,1558,1010101010010100,0110101010100111,6,6
HIT,1559,1001011001011000,0110010110010111,6,6
HIT,1560,1001011010100100,0110010110101011,6,6
HIT,1561,0101101010010100,0101011010100111,6,6
HIT,1562,0110101001101000,1001101010011011,6,6
HIT,1563,0110011010010100,1001101001010111,6,6
HIT,1564,1010011001100100,1001100110010111,6,6
HIT,1565,1001101001011000,0110011010010111,6,6
HIT,1566,1010101010100100,0110101010100111,6,6
HIT,1567,1001010101011000,0101010101011011,6,6
HIT,1568,1001011010011000,1001011010010111,6,6
HIT,1569,0110101001100100,1010101001100111,6,6
HIT,1570,1001101001010100,0110100101010111,6,6
HIT,1571,0110010110011000,1001011001100111,6,6
HIT,1572,1010010110101000,1010010110100111,6,6
HIT,1573,1001011001011000,0110010110010111,6,6
HIT,1574,0101010101011000,1001010101011011,6,6
HIT,1575,1010010110100100,0110100101101011,6,6
HIT,1576,0110100110101000,1010011010100111,6,6
HIT,1577,1010011010010100,0110011010010111,6,6
HIT,1578,1010011010010100,1001101001011011,6,6
HIT,1579,1010100110100100,0110101001101011,6,6
HIT,1580,1001100110100100,1010011001101011,6,6
HIT,1581,1001011001010100,0101100101011011,6,6
HIT,1582,0101100101010100,0101011001010111,6,6
HIT,1583,1001010101100100,0101010110010111,6,6
HIT,1584,1001100101010100,0101100101010111,6,6
HIT,1585,0101101010100100,0101011010101011,6,6
HIT,1586,0110011010100100,1001100110101011,6,6
HIT,1587,0110010101100100,1001010110011011,6,6
HIT,1588,1001011001011000,0101011001011011,6,6
HIT,1589,0101100110010100,0101011001100111,6,6
HIT,1590,0101101010101000,1001011010101011,6,6
HIT,1591,0101101010011000,0110101001100111,6,6
HIT,1592,1010011001100100,0110100110011011,6,6
HIT,1593,1001010101100100,0101010110010111,6,6
HIT,1594,0110010110011000,1010010110011011,6,6
HIT,1595,0110011010010100,1010011010010111,6,6
HIT,1596,1001010110101000,0101011010101011,6,6
HIT,1597,1001010101011000,1001010101010111,6,6
HIT,1598,1001101001101000,0101101001101011,6,6
HIT,1599,1001101001010100,0101101001010111,6,6
HIT,1600,1010101001010100,1010101001011011,6,6
HIT,1601,0110101010100100,1001101010101011,6,6
HIT,1602,1010011001011000,1010011001010111,6,6
HIT,1603,0110100101011000,1010010101100111,6,6
HIT,1604,0101100101100100,1001100101100111,6,6
HIT,1605,0101100101011000,0110010101100111,6,6
HIT,1606,1001101001101000,0101101001101011,6,6
HIT,1607,0101011001101000,1001010110011011,6,6
HIT,1608,0101101010100100,0101101010101011,6,6
HIT,1609,1010011010100100,1001101010011011,6,6
HIT,1610,0110101001100100,1010100110010111,6,6
HIT,1611,0110100101100100,1010010110010111,6,6
HIT,1612,1010100101011000,0110100101011011,6,6
HIT,1613,1010100110010100,1010011001011011,6,6
HIT,1614,1001101001100100,1001101001101011,6,6
HIT,1615,1001010101011000,0110010101010111,6,6
HIT,1616,1010100101010100,1010100101011011,6,6
HIT,1617,1010010101011000,1001010101101011,6,6
HIT,1618,1010011010010100,0110100110100111,6,6
HIT,1619,1001011010011000,0101101001100111,6,6
HIT,1620,0101011010010100,0101101001011011,6,6
HIT,1621,0101101001100100,1001011010011011,6,6
HIT,1622,0110011010101000,1001101010100111,6,6
HIT,1623,0101101001011000,0110100101101011,6,6
HIT,1624,0110011010101000,1001101010100111,6,6
HIT,1625,0101011010100100,1001010110101011,6,6
HIT,1626,1001101001101000,1010011010011011,6,6
HIT,1627,1001100101101000,1001100101100111,6,6
HIT,1628,1001101001101000,0110100110101011,6,6
HIT,1629,1001011010100100,0101101010011011,6,6
HIT,1630,1001011010011000,0101101001100111,6,6
HIT,1631,0110100110100100,1010011010011011,6,6
HIT,1632,1010101001101000,0110101010011011,6,6
HIT,1633,0110100101011000,1010010101101011,6,6
HIT,1634,0110101001101000,1010101001101011,6,6
HIT,1635,1001011001100100,1010010110011011,6,6
HIT,1636,0101101010010100,1001011010100111,6,6
HIT,1637,1010010101011000,1010100101010111,6,6
HIT,1638,1001101001010100,1010011010010111,6,6
HIT,1639,1010101010100100,0110101010101011,6,6
HIT,1640,0101010110010100,1001010101100111,6,6
HIT,1641,1001011001100100,0110010110011011,6,6
HIT,1642,1001100101101000,0110010110101011,6,6
HIT,1643,0101100110011000,1001100110011011,6,6
HIT,1644,1001010101101000,0101010110100111,6,6
HIT,1645,1010010110010100,1001011001010111,6,6
HIT,1646,1001010110100100,1001010110101011,6,6
HIT,1647,1010101001011000,0110101001011011,6,6
HIT,1648,1010100110010100,0110101001100111,6,6
HIT,1649,0110011010100100,1001101010010111,6,6
HIT,1650,1010011001011000,1001100101100111,6,6
HIT,1651,0101010101101000,0101010101011011,6,6
HIT,1652,0110010101100100,1010010101100111,6,6
HIT,1653,1001011010010100,0101011010010111,6,6
HIT,1654,1010101001011000,0110101010010111,6,6
HIT,1655,0110100110010100,1010100110010111,6,6
HIT,1656,0110011001010100,1010011001010111,6,6
HIT,1657,1010100101100100,1010100101101011,6,6
HIT,1658,1001010101010100,1001010101011011,6,6
HIT,1659,1001101001101000,1010011010011011,6,6
HIT,1660,0110101001101000,1010100110101011,6,6
HIT,1661,1010010110101000,1010100101101011,6,6
HIT,1662,1001100101100100,1010011001011011,6,6
HIT,1663,1001100101101000,0110010110101011,6,6
HIT,1664,1010101010100100,1010101010011011,6,6
HIT,1665,0110101001100100,0101101010011011,6,6
HIT,1666,0101011001100100,0101100110010111,6,6
HIT,1667,1010101010100100,1010101010101011,6,6
HIT,1668,0110010110010100,1001011001011011,6,6
HIT,1669,0110011010010100,1001100110100111,6,6
HIT,1670,0101101010100100,0101101010101011,6,6
HIT,1671,0110101010011000,0101101010100111,6,6
HIT,1672,0110101001010100,0101101010010111,6,6
HIT,1673,0101101010011000,0101011010100111,6,6
HIT,1674,1001010101011000,1010010101010111,6,6
HIT,1675,0110011010101000,0101100110101011,6,6
HIT,1676,0101011010100100,0101101010011011,6,6
HIT,1677,1001101001010100,0110100101011011,6,6
HIT,1678,1001100101101000,1010011001011011,6,6
MISS,1679,1001010110011000,0101011001101011,6,5
HIT,1680,1001100101100100,0110010110010111,6,6
HIT,1681,0110010110011000,0110010110010111,6,6
HIT,1682,0110100101011000,0110100101010111,6,6
HIT,1683,1010010110101000,1001011010101011,6,6
HIT,1684,1001010110101000,1001010110100111,6,6
HIT,1685,1001010110100100,0110010101101011,6,6
HIT,1686,1001101010101000,0110011010101011,6,6
HIT,1687,0110101010101000,0110101010100111,6,6
HIT,1688,0110010110101000,0110010110100111,6,6
HIT,1689,0101100110100100,0101100110101011,6,6
HIT,1690,1001100110101000,0110011001101011,6,6
HIT,1691,1001101010010100,1010011010100111,6,6
HIT,1692,1001101010011000,0110011010100111,6,6
HIT,1693,0101101010100100,0101101010101011,6,6
HIT,1694,1001100110011000,1001100110010111,6,6
HIT,1695,0110101010010100,0110101010011011,6,6
HIT,1696,1010011010011000,1010011010010111,6,6
HIT,1697,1001010101100100,0110010101011011,6,6
HIT,1698,0110100110010100,1010011001010111,6,6
HIT,1699,1010101001011000,1010101001010111,6,6
HIT,1700,0110011001100100,1001100110011011,6,6
HIT,1701,0110101001011000,1001101010010111,6,6
HIT,1702,1001101010101000,0110101010100111,6,6
HIT,1703,1010011010100100,0110100110101011,6,6
HIT,1704,0101011010100100,0101101010010111,6,6
HIT,1705,1001100101100100,0101100101100111,6,6
HIT,1706,1010100110010100,0110100110010111,6,6
HIT,1707,1001011001101000,0110010110011011,6,6
HIT,1708,1010011001011000,0110100110010111,6,6
HIT,1709,1001101001010100,0110011010010111,6,6
HIT,1710,0110011010101000,1001101010101011,6,6
HIT,1711,1001100101010100,0110010101010111,6,6
HIT,1712,1010100101101000,1010010110100111,6,6
HIT,1713,1001010101010100,1010010101010111,6,6
HIT,1714,1010011001010100,1001100101011011,6,6
HIT,1715,0101101010100100,0101011010101011,6,6
HIT,1716,1010100110011000,0110101001100111,6,6
HIT,1717,1010100110011000,1010011001101011,6,6
HIT,1718,0110100101011000,0101101001010111,6,6
HIT,1719,1001010110100100,1010010101101011,6,6
HIT,1720,1001011001011000,0101100101100111,6,6
HIT,1721,1001101001101000,0101101001101011,6,6
HIT,1722,0101100110010100,0110011001010111,6,6
HIT,1723,1001011010100100,0101011010100111,6,6
HIT,1724,1001100110101000,0110011001101011,6,6
HIT,1725,1001011010101000,0101011010101011,6,6
HIT,1726,1001010110100100,1010010101101011,6,6
HIT,1727,1010010110011000,1010100101100111,6,6
HIT,1728,0110011001100100,1001100110010111,6,6
HIT,1729,1010100110011000,1010011001100111,6,6
HIT,1730,0110101010010100,1001101010100111,6,6
HIT,1731,0101100110010100,1001100110010111,6,6
HIT,1732,0110010101101000,1001010110101011,6,6
HIT,1733,1010010101010100,1001010101011011,6,6
HIT,1734,1010011001101000,0110100110011011,6,6
HIT,1735,0110101001010100,1001101010010111,6,6
HIT,1736,0110011010101000,1001101010101011,6,6
HIT,1737,0110101001011000,1010101001011011,6,6
HIT,1738,0110011001010100,1010011001010111,6,6
HIT,1739,1001011010011000,1010010110100111,6,6
HIT,1740,1001010110011000,0101011001100111,6,6
HIT,1741,1001101010010100,1001101010011011,6,6
HIT,1742,1001100110011000,0110011001101011,6,6
HIT,1743,0101101010011000,0110101001101011,6,6
HIT,1744,0101010110010100,0101011001010111,6,6
HIT,1745,1010010101101000,1001010110101011,6,6
HIT,1746,1010101001011000,0110101001011011,6,6
HIT,1747,1010100110010100,1010011001010111,6,6
HIT,1748,0101100101101000,1001011001011011,6,6
HIT,1749,1010101010011000,0110101010100111,6,6
HIT,1750,1010100110101000,1010011010100111,6,6
HIT,1751,0101100110011000,0101100110010111,6,6
HIT,1752,0110011010011000,0101100110100111,6,6
HIT,1753,1010011010100100,1010100110101011,6,6
HIT,1754,0101011001011000,0101010110010111,6,6
HIT,1755,1010100110011000,1010011001100111,6,6
HIT,1756,0110010110010100,0101100101100111,6,6
HIT,1757,1001011010101000,0101011010101011,6,6
HIT,1758,1001011010011000,0101011010011011,6,6
HIT,1759,1001011001010100,0101011001010111,6,6
HIT,1760,0110100101011000,1010010101101011,6,6
HIT,1761,0101011001101000,0101011001100111,6,6
HIT,1762,1010011001010100,0110100110010111,6,6
HIT,1763,1010011010101000,0110100110101011,6,6
HIT,1764,1010100110010100,0110101001100111,6,6
HIT,1765,0110101001101000,1001101010011011,6,6
HIT,1766,0101100101010100,1001011001010111,6,6
HIT,1767,0110011001011000,1010011001011011,6,6
HIT,1768,0101010101100100,0101010101011011,6,6
HIT,1769,1001010101100100,0110010101011011,6,6
HIT,1770,0110100101100100,1001101001011011,6,6
HIT,1771,1010011001100100,0110011001100111,6,6
HIT,1772,1001100101011000,0110010101100111,6,6
HIT,1773,1001100110101000,0101100110101011,6,6
HIT,1774,0110100110011000,0101101001100111,6,6
HIT,1775,0110101010010100,1010101001011011,6,6
HIT,1776,1010011001100100,0110011001100111,6,6
HIT,1777,1010101010100100,0110101010100111,6,6
HIT,1778,1010011001101000,1001100110100111,6,6
HIT,1779,0110010110100100,0110010110101011,6,6
HIT,1780,0110011010011000,1001100110100111,6,6
HIT,1781,0101010110011000,1001010110011011,6,6
HIT,1782,0110011001011000,1001100101100111,6,6
HIT,1783,0101101010100100,0101011010101011,6,6
HIT,1784,1010101001100100,1010101001101011,6,6
HIT,1785,1001011010011000,0110010110100111,6,6
HIT,1786,0110100110011000,1010100110011011,6,6
HIT,1787,1010100110010100,0110101001100111,6,6
HIT,1788,1001010110010100,1001010110011011,6,6
HIT,1789,1010101010011000,1010101001100111,6,6
HIT,1790,1001010110011000,0110010101100111,6,6
HIT,1791,1001011010101000,0110010110101011,6,6
HIT,1792,1010010110011000,1001011001100111,6,6
HIT,1793,0101101001011000,1001011010010111,6,6
HIT,1794,0101101010011000,1001101010011011,6,6
HIT,1795,1001011010010100,0101101001010111,6,6
HIT,1796,0101101010100100,1001101010100111,6,6
HIT,1797,1010100101010100,0110101001010111,6,6
HIT,1798,0101101010010100,1001101010010111,6,6
HIT,1799,1010010110100100,1001011010010111,6,6
HIT,1800,1001100101101000,0101100101101011,6,6
HIT,1801,0110100110100100,0110100110100111,7,7
HIT,1802,0110100110010100,0110100110010111,7,7
HIT,1803,0110010101011000,0110010101011011,7,7
HIT,1804,0101101010010100,0101101010010111,7,7
HIT,1805,1010100110010100,1010100110010111,7,7
HIT,1806,0101011010101000,0101011010101011,7,7
HIT,1807,0101010110100100,0101010110100111,7,7
HIT,1808,1010010101010100,1010010101010111,7,7
HIT,1809,0101101010101000,0101101010101011,7,7
HIT,1810,0110101001011000,0110101001011011,7,7
HIT,1811,0110101010010100,0110101010010111,7,7
HIT,1812,1010011010101000,1010011010101011,7,7
HIT,1813,0101101010011000,0101101010011011,7,7
HIT,1814,0101011010010100,0101011010010111,7,7
HIT,1815,1010100110011000,1010100110011011,7,7
HIT,1816,0101011010010100,0101011010010111,7,7
HIT,1817,0110011010100100,0110011010100111,7,7
HIT,1818,0101101010101000,0101101010101011,7,7
HIT,1819,1001010110011000,1001010110011011,7,7
HIT,1820,1001100101010100,1001100101010111,7,7
HIT,1821,1010101001101000,1010101001101011,7,7
HIT,1822,1010100110100100,1010100110100111,7,7
HIT,1823,1001010101010100,1001010101010111,7,7
HIT,1824,0110010101011000,0110010101011011,7,7
HIT,1825,0101011001101000,0101011001101011,7,7
HIT,1826,1001011010100100,1001011010100111,7,7
HIT,1827,1010010110101000,1010010110101011,7,7
HIT,1828,0101101001100100,0101101001100111,7,7
HIT,1829,1001101001100100,1001101001100111,7,7
HIT,1830,0110010110100100,0110010110100111,7,7
HIT,1831,0101100101100100,0101100101100111,7,7
HIT,1832,1010100101011000,1010100101011011,7,7
HIT,1833,0101010101101000,0101010101101011,7,7
HIT,1834,1001100101011000,1001100101011011,7,7
HIT,1835,1010101010010100,1010101010010111,7,7
HIT,1836,0110101001011000,0110101001011011,7,7
HIT,1837,1010011001100100,1010011001100111,7,7
HIT,1838,0101011010011000,0101011010011011,7,7
HIT,1839,0101010101010100,0101010101010111,7,7
HIT,1840,1010010110101000,1010010110101011,7,7
HIT,1841,1010011010011000,1010011010011011,7,7
HIT,1842,1001010101010100,1001010101010111,7,7
HIT,1843,1001010101100100,1001010101100111,7,7
HIT,1844,1001011010100100,1001011010100111,7,7
HIT,1845,0101010110101000,0101010110101011,7,7
HIT,1846,1001011001010100,1001011001010111,7,7
HIT,1847,0110011010101000,0110011010101011,7,7
HIT,1848,0101100101100100,0101100101100111,7,7
HIT,1849,1010010101100100,1010010101100111,7,7
HIT,1850,1010011001101000,1010011001101011,7,7
HIT,1851,1010010110011000,1010010110011011,7,7
HIT,1852,1001101010011000,1001101010011011,7,7
HIT,1853,0101101010010100,0101101010010111,7,7
HIT,1854,0101010110101000,0101010110101011,7,7
HIT,1855,1010010110101000,1010010110101011,7,7
MISS,1856,1001100101100100,1001100101100111,7,3
HIT,1857,1010101001101000,1010101001101011,7,7
HIT,1858,1001010101101000,1001010101101011,7,7
HIT,1859,0110011010011000,0110011010011011,7,7
HIT,1860,0101101001101000,0101101001101011,7,7
HIT,1861,0101100110101000,0101100110101011,7,7
HIT,1862,1010100110010100,1010100110010111,7,7
HIT,1863,0101101001010100,0101101001010111,7,7
HIT,1864,1010011010101000,1010011010101011,7,7
HIT,1865,1010011001100100,1010011001100111,7,7
HIT,1866,1001101001010100,1001101001010111,7,7
HIT,1867,0110010110101000,0110010110101011,7,7
HIT,1868,1010010101100100,1010010101100111,7,7
HIT,1869,0101010110010100,0101010110010111,7,7
HIT,1870,0110011010010100,0110011010010111,7,7
HIT,1871,0101101010010100,0101101010010111,7,7
HIT,1872,1010100101011000,1010100101011011,7,7
HIT,1873,1001100101011000,1001100101011011,7,7
HIT,1874,0101011010011000,0101011010011011,7,7
HIT,1875,1001010101100100,1001010101100111,7,7
HIT,1876,0101101001011000,0101101001011011,7,7
HIT,1877,0110010110100100,0110010110100111,7,7
HIT,1878,1001100101100100,1001100101100111,7,7
HIT,1879,1001101001101000,1001101001101011,7,7
HIT,1880,0110100110011000,0110100110011011,7,7
HIT,1881,0110011001010100,0110011001010111,7,7
HIT,1882,1010010110011000,1010010110011011,7,7
HIT,1883,1010011001011000,1010011001011011,7,7
HIT,1884,1001101010100100,1001101010100111,7,7
HIT,1885,0110100101011000,0110100101011011,7,7
HIT,1886,1001100101100100,1001100101100111,7,7
HIT,1887,1010010110100100,1010010110100111,7,7
HIT,1888,0110011010011000,0110011010011011,7,7
HIT,1889,1001011001100100,1001011001100111,7,7
HIT,1890,1001010110100100,1001010110100111,7,7
HIT,1891,0110011010010100,0110011010010111,7,7
HIT,1892,1001011010100100,1001011010100111,7,7
HIT,1893,1010101010101000,1010101010101011,7,7
HIT,1894,0101011010100100,0101011010100111,7,7
HIT,1895,0110011010010100,0110011010010111,7,7
HIT,1896,1010101001101000,1010101001101011,7,7
HIT,1897,1001011010100100,1001011010100111,7,7
HIT,1898,0110100110011000,0110100110011011,7,7
HIT,1899,1010011010101000,1010011010101011,7,7
HIT,1900,1001011001010100,1001011001010111,7,7
HIT,1901,0101010110100100,0101010110100111,7,7
HIT,1902,1010100101100100,1010100101100111,7,7
HIT,1903,0101101010100100,0101101010100111,7,7
HIT,1904,0101101010010100,0101101010010111,7,7
HIT,1905,0110010110011000,0110010110011011,7,7
HIT,1906,1001010101101000,1001010101101011,7,7
HIT,1907,0110010110010100,0110010110010111,7,7
HIT,1908,1010100101101000,1010100101101011,7,7
HIT,1909,1001101001100100,1001101001100111,7,7
HIT,1910,1001101010100100,1001101010100111,7,7
HIT,1911,0110101001101000,0110101001101011,7,7
HIT,1912,0101010110010100,0101010110010111,7,7
MISS,1913,0110100101100100,0110100101100111,7,3
HIT,1914,0101011010010100,0101011010010111,7,7
HIT,1915,0101100110010100,0101100110010111,7,7
HIT,1916,1001011010010100,1001011010010111,7,7
HIT,1917,0110011001010100,0110011001010111,7,7
HIT,1918,0101011010101000,0101011010101011,7,7
HIT,1919,1010101001101000,1010101001101011,7,7
HIT,1920,1010100101101000,1010100101101011,7,7
HIT,1921,1001010101101000,1001010101101011,7,7
HIT,1922,0110011010010100,0110011010010111,7,7
HIT,1923,1001011001011000,1001011001011011,7,7
HIT,1924,0110101010101000,0110101010101011,7,7
HIT,1925,0101101010011000,0101101010011011,7,7
HIT,1926,1010010101101000,1010010101101011,7,7
HIT,1927,0110100110101000,0110100110101011,7,7
HIT,1928,0101011001010100,0101011001010111,7,7
HIT,1929,1001101001011000,1001101001011011,7,7
HIT,1930,0110101001101000,0110101001101011,7,7
HIT,1931,0101011001010100,0101011001010111,7,7
HIT,1932,1010100101010100,1010100101010111,7,7
HIT,1933,0101100101011000,0101100101011011,7,7
HIT,1934,1010011010011000,1010011010011011,7,7
HIT,1935,1001101010101000,1001101010101011,7,7
HIT,1936,0110101010010100,0110101010010111,7,7
HIT,1937,1001100110011000,1001100110011011,7,7
HIT,1938,1001100110101000,1001100110101011,7,7
HIT,1939,1010011001101000,1010011001101011,7,7
HIT,1940,1010010110011000,1010010110011011,7,7
HIT,1941,0101011001100100,0101011001100111,7,7
HIT,1942,1010100110100100,1010100110100111,7,7
HIT,1943,0110011001100100,0110011001100111,7,7
HIT,1944,1001010110010100,1001010110010111,7,7
HIT,1945,0101101001010100,0101101001010111,7,7
HIT,1946,0110011010011000,0110011010011011,7,7
HIT,1947,0110101010100100,0110101010100111,7,7
HIT,1948,1001101001100100,1001101001100111,7,7
HIT,1949,0110101001010100,0110101001010111,7,7
HIT,1950,1001011001101000,1001011001101011,7,7
HIT,1951,1001010101101000,1001010101101011,7,7
HIT,1952,0110100110100100,0110100110100111,7,7
HIT,1953,1001100101101000,1001100101101011,7,7
HIT,1954,1001101010010100,1001101010010111,7,7
HIT,1955,0101011010100100,0101011010100111,7,7
HIT,1956,0101100110100100,0101100110100111,7,7
HIT,1957,0101101001010100,0101101001010111,7,7
HIT,1958,1010010101101000,1010010101101011,7,7
HIT,1959,1001011010011000,1001011010011011,7,7
HIT,1960,0110100101100100,0110100101100111,7,7
HIT,1961,1010101001101000,1010101001101011,7,7
HIT,1962,0110101001011000,0110101001011011,7,7
HIT,1963,0110101010100100,0110101010100111,7,7
HIT,1964,0101010101100100,0101010101100111,7,7
HIT,1965,1010010101101000,1010010101101011,7,7
HIT,1966,0101011010011000,0101011010011011,7,7
HIT,1967,1010011001100100,1010011001100111,7,7
HIT,1968,0101010110100100,0101010110100111,7,7
HIT,1969,0101101010010100,0101101010010111,7,7
HIT,1970,1001101010100100,1001101010100111,7,7
HIT,1971,1010101010100100,1010101010100111,7,7
HIT,1972,1001010101010100,1001010101010111,7,7
HIT,1973,0101100101010100,0101100101010111,7,7
HIT,1974,0110100101010100,0110100101010111,7,7
HIT,1975,1001100110011000,1001100110011011,7,7
HIT,1976,0110100110101000,0110100110101011,7,7
HIT,1977,1010100110100100,1010100110100111,7,7
HIT,1978,1010100101100100,1010100101100111,7,7
HIT,1979,1010101001011000,1010101001011011,7,7
HIT,1980,1010011010011000,1010011010011011,7,7
HIT,1981,1001011010010100,1001011010010111,7,7
HIT,1982,1001011001011000,1001011001011011,7,7
HIT,1983,1001101010100100,1001101010100111,7,7
HIT,1984,1001011001010100,1001011001010111,7,7
HIT,1985,0101010110010100,0101010110010111,7,7
HIT,1986,0101101010101000,0101101010101011,7,7
HIT,1987,0110011010101000,0110011010101011,7,7
HIT,1988,1001011001101000,1001011001101011,7,7
HIT,1989,1010101001011000,1010101001011011,7,7
HIT,1990,0110101010011000,0110101010011011,7,7
MISS,1991,1001100110100100,1001100110100111,7,6
HIT,1992,0101011001100100,0101011001100111,7,7
HIT,1993,1001011001010100,1001011001010111,7,7
HIT,1994,1010011010101000,1010011010101011,7,7
HIT,1995,1001011001010100,1001011001010111,7,7
HIT,1996,0101011010011000,0101011010011011,7,7
HIT,1997,1001101010011000,1001101010011011,7,7
HIT,1998,0110100101010100,0110100101010111,7,7
MISS,1999,1010100110100100,1010100110100111,7,6
HIT,2000,0101011010010100,0101011010010111,7,7
HIT,2001,1010010110101000,1010010110101011,7,7
HIT,2002,1001100110010100,1001100110010111,7,7
HIT,2003,0101100110100100,0101100110100111,7,7
HIT,2004,1010100101100100,1010100101100111,7,7
HIT,2005,1010011010010100,1010011010010111,7,7
HIT,2006,0101011010010100,0101011010010111,7,7
HIT,2007,1010100110011000,1010100110011011,7,7
HIT,2008,1010101001010100,1010101001010111,7,7
HIT,2009,0110011001101000,0110011001101011,7,7
HIT,2010,0101100110010100,0101100110010111,7,7
HIT,2011,1010101010101000,1010101010101011,7,7
HIT,2012,0101011010010100,0101011010010111,7,7
HIT,2013,1001010110100100,1001010110100111,7,7
HIT,2014,0101101001010100,0101101001010111,7,7
HIT,2015,1010010110010100,1010010110010111,7,7
HIT,2016,1010011010010100,1010011010010111,7,7
HIT,2017,1010100101011000,1010100101011011,7,7
HIT,2018,0110100101101000,0110100101101011,7,7
HIT,2019,1001010101010100,1001010101010111,7,7
HIT,2020,1010100110011000,1010100110011011,7,7
HIT,2021,0101011010100100,0101011010100111,7,7
HIT,2022,1010010101011000,1010010101011011,7,7
HIT,2023,0110010101010100,0110010101010111,7,7
HIT,2024,0101010101101000,0101010101101011,7,7
HIT,2025,1010100101101000,1010100101101011,7,7
HIT,2026,0110101001101000,0110101001101011,7,7
HIT,2027,1001011001100100,1001011001100111,7,7
HIT,2028,0101100101011000,0101100101011011,7,7
HIT,2029,0110011010010100,0110011010010111,7,7
HIT,2030,1001100110010100,1001100110010111,7,7
HIT,2031,1010100110011000,1010100110011011,7,7
HIT,2032,1001101001010100,1001101001010111,7,7
HIT,2033,0101011010011000,0101011010011011,7,7
HIT,2034,1001100101101000,1001100101101011,7,7
HIT,2035,1010101010101000,1010101010101011,7,7
HIT,2036,0110011001011000,0110011001011011,7,7
HIT,2037,0110100110011000,0110100110011011,7,7
HIT,2038,1001010110101000,1001010110101011,7,7
HIT,2039,1010101001011000,1010101001011011,7,7
HIT,2040,0101010110100100,0101010110100111,7,7
HIT,2041,1001100110101000,1001100110101011,7,7
HIT,2042,0101100110100100,0101100110100111,7,7
HIT,2043,0101011001100100,0101011001100111,7,7
HIT,2044,0110011010011000,0110011010011011,7,7
HIT,2045,0110101001011000,0110101001011011,7,7
HIT,2046,0110010110011000,0110010110011011,7,7
HIT,2047,1010010101101000,1010010101101011,7,7
HIT,2048,1010011001101000,1010011001101011,7,7
HIT,2049,1010101001100100,1010101001100111,7,7
HIT,2050,0110011001101000,0110011001101011,7,7
HIT,2051,0101100101011000,0101100101011011,7,7
HIT,2052,0101010101010100,0101010101010111,7,7
HIT,2053,0101010110010100,0101010110010111,7,7
HIT,2054,0110101010101000,0110101010101011,7,7
HIT,2055,1010100101011000,1010100101011011,7,7
HIT,2056,1001100110010100,1001100110010111,7,7
HIT,2057,0110101010100100,0110101010100111,7,7
HIT,2058,1010010101010100,1010010101010111,7,7
HIT,2059,0101010110101000,0101010110101011,7,7
HIT,2060,1010011010010100,1010011010010111,7,7
HIT,2061,1001101010010100,1001101010010111,7,7
HIT,2062,1010010110011000,1010010110011011,7,7
HIT,2063,0110101001010100,0110101001010111,7,7
HIT,2064,0101011010010100,0101011010010111,7,7
HIT,2065,1001101001010100,1001101001010111,7,7
HIT,2066,1001010110101000,1001010110101011,7,7
HIT,2067,1001011001011000,1001011001011011,7,7
HIT,2068,0101011010100100,0101011010100111,7,7
HIT,2069,0110011010100100,0110011010100111,7,7
HIT,2070,1001011001101000,1001011001101011,7,7
HIT,2071,1001100110010100,1001100110010111,7,7
HIT,2072,0110011001011000,0110011001011011,7,7
HIT,2073,0101010110100100,0101010110100111,7,7
HIT,2074,1010011010010100,1010011010010111,7,7
HIT,2075,0110100101011000,0110100101011011,7,7
HIT,2076,0110011001100100,0110011001100111,7,7
HIT,2077,0110101010010100,0110101010010111,7,7
HIT,2078,1010101001011000,1010101001011011,7,7
HIT,2079,1001011010100100,1001011010100111,7,7
HIT,2080,0110011010101000,0110011010101011,7,7
HIT,2081,1010100110100100,1010100110100111,7,7
HIT,2082,1001011001101000,1001011001101011,7,7
HIT,2083,1010101001101000,1010101001101011,7,7
HIT,2084,0101011010011000,0101011010011011,7,7
HIT,2085,0101011010010100,0101011010010111,7,7
HIT,2086,1010011010010100,1010011010010111,7,7
HIT,2087,0110011001100100,0110011001100111,7,7
HIT,2088,0110010101100100,0110010101100111,7,7
HIT,2089,1010011010101000,1010011010101011,7,7
HIT,2090,1010101001010100,1010101001010111,7,7
HIT,2091,1001101010100100,1001101010100111,7,7
HIT,2092,0110100110011000,0110100110011011,7,7
HIT,2093,0101011001010100,0101011001010111,7,7
HIT,2094,0110010101100100,0110010101100111,7,7
HIT,2095,1010010101011000,1010010101011011,7,7
HIT,2096,1010101010011000,1010101010011011,7,7
HIT,2097,0110101001100100,0110101001100111,7,7
HIT,2098,0101100101100100,0101100101100111,7,7
HIT,2099,0110100110010100,0110100110010111,7,7
HIT,2100,0101011001101000,0101011001101011,7,7